id,voti,voti_nona,idComune
2,13,0,100
3,19,0,100
16,695,0,100
14,68,0,100
15,24,0,100
17,109,0,100
18,79,0,100
13,121,0,100
12,184,0,100
11,63,0,100
4,41,0,100
7,13,0,100
9,100,0,100
6,533,0,100
8,89,0,100
10,8,0,100
5,438,0,100
1,0,0,101
18,20,0,101
14,46,0,101
15,8,0,101
16,175,0,101
17,10,0,101
13,7,0,101
8,16,0,101
6,336,0,101
9,31,0,101
7,25,0,101
5,119,0,101
10,7,0,101
12,44,0,101
2,5,0,101
11,9,0,101
4,14,0,101
3,3,0,101
1,1,0,102
18,19,0,102
14,49,0,102
15,19,0,102
16,351,0,102
17,13,0,102
13,17,0,102
8,19,0,102
6,519,0,102
9,48,0,102
7,21,0,102
5,242,0,102
10,49,0,102
12,129,0,102
2,7,0,102
11,48,0,102
4,30,0,102
3,4,0,102
1,2,0,103
18,25,0,103
14,21,0,103
15,8,0,103
16,168,0,103
17,3,0,103
13,4,0,103
8,87,0,103
6,155,0,103
9,40,0,103
7,14,0,103
5,171,0,103
10,3,0,103
12,63,0,103
2,4,0,103
11,51,0,103
4,6,0,103
3,1,0,103
1,0,0,104
18,1,0,104
14,1,0,104
15,0,0,104
16,18,0,104
17,0,0,104
13,0,0,104
8,2,0,104
6,15,0,104
9,14,0,104
7,1,0,104
5,7,0,104
10,4,0,104
12,4,0,104
2,0,0,104
11,1,0,104
4,0,0,104
3,0,0,104
1,0,0,105
18,23,0,105
14,26,0,105
15,2,0,105
16,210,0,105
17,11,0,105
13,7,0,105
8,54,0,105
6,158,0,105
9,53,0,105
7,12,0,105
5,91,0,105
10,20,0,105
12,50,0,105
2,2,0,105
11,31,0,105
4,7,0,105
3,2,0,105
1,2,0,106
18,165,0,106
14,297,0,106
15,21,0,106
16,365,0,106
17,21,0,106
13,13,0,106
8,23,0,106
6,453,0,106
9,1242,0,106
7,30,0,106
5,198,0,106
10,17,0,106
12,80,0,106
2,5,0,106
11,14,0,106
4,22,0,106
3,6,0,106
1,1,0,107
18,5,0,107
14,20,0,107
15,0,0,107
16,43,0,107
17,2,0,107
13,0,0,107
8,13,0,107
6,48,0,107
9,16,0,107
7,4,0,107
5,30,0,107
10,4,0,107
12,15,0,107
2,0,0,107
11,8,0,107
4,5,0,107
3,0,0,107
1,5,0,108
18,55,0,108
14,59,0,108
15,22,0,108
16,255,0,108
17,4,0,108
13,6,0,108
8,11,0,108
6,1313,0,108
9,83,0,108
7,17,0,108
5,137,0,108
10,10,0,108
12,96,0,108
2,6,0,108
11,9,0,108
4,16,0,108
3,4,0,108
1,0,0,109
18,0,0,109
14,1,0,109
15,1,0,109
16,20,0,109
17,2,0,109
13,0,0,109
8,4,0,109
6,42,0,109
9,7,0,109
7,1,0,109
5,28,0,109
10,0,0,109
12,14,0,109
2,2,0,109
11,1,0,109
4,2,0,109
3,0,0,109
11,29,0,10
1,2,0,10
4,30,0,10
12,177,0,10
14,23,0,10
16,1164,0,10
17,37,0,10
15,34,0,10
13,37,0,10
18,64,0,10
2,13,0,10
5,218,0,10
9,115,0,10
6,1811,0,10
10,17,0,10
8,15,0,10
7,20,0,10
3,6,0,10
1,1,0,110
18,4,0,110
14,2,0,110
15,1,0,110
16,7,0,110
17,0,0,110
13,1,0,110
8,28,0,110
6,63,0,110
9,11,0,110
7,3,0,110
5,32,0,110
10,2,0,110
12,12,0,110
2,1,0,110
11,12,0,110
4,0,0,110
3,1,0,110
1,1,0,111
18,37,0,111
14,140,0,111
15,186,0,111
16,487,0,111
17,22,0,111
13,11,0,111
8,277,0,111
6,2486,0,111
9,109,0,111
7,127,0,111
5,630,0,111
10,10,0,111
12,123,0,111
2,5,0,111
11,31,0,111
4,40,0,111
3,6,0,111
1,27,0,112
18,296,0,112
14,303,0,112
15,578,0,112
16,3135,0,112
17,435,0,112
13,62,0,112
8,129,0,112
6,3232,0,112
9,1876,0,112
7,142,0,112
5,3149,0,112
10,235,0,112
12,1082,0,112
2,84,0,112
11,606,0,112
4,214,0,112
3,73,0,112
1,1,0,113
18,15,0,113
14,33,0,113
15,10,0,113
16,113,0,113
17,8,0,113
13,35,0,113
8,28,0,113
6,118,0,113
9,14,0,113
7,7,0,113
5,109,0,113
10,7,0,113
12,22,0,113
2,0,0,113
11,11,0,113
4,5,0,113
3,1,0,113
1,17,0,114
18,157,0,114
14,151,0,114
15,74,0,114
16,932,0,114
17,91,0,114
13,48,0,114
8,146,0,114
6,1546,0,114
9,320,0,114
7,111,0,114
5,1268,0,114
10,308,0,114
12,423,0,114
2,32,0,114
11,57,0,114
4,58,0,114
3,8,0,114
1,0,0,115
18,21,0,115
14,26,0,115
15,3,0,115
16,148,0,115
17,4,0,115
13,7,0,115
8,15,0,115
6,383,0,115
9,48,0,115
7,6,0,115
5,99,0,115
10,8,0,115
12,67,0,115
2,7,0,115
11,2,0,115
4,15,0,115
3,2,0,115
1,2,0,116
18,12,0,116
14,5,0,116
15,6,0,116
16,124,0,116
17,2,0,116
13,0,0,116
8,4,0,116
6,51,0,116
9,23,0,116
7,4,0,116
5,37,0,116
10,3,0,116
12,17,0,116
2,1,0,116
11,5,0,116
4,11,0,116
3,0,0,116
1,1,0,117
18,23,0,117
14,32,0,117
15,6,0,117
16,110,0,117
17,6,0,117
13,2,0,117
8,0,0,117
6,180,0,117
9,30,0,117
7,90,0,117
5,83,0,117
10,6,0,117
12,37,0,117
2,3,0,117
11,6,0,117
4,9,0,117
3,1,0,117
1,0,0,118
18,16,0,118
14,11,0,118
15,8,0,118
16,38,0,118
17,5,0,118
13,2,0,118
8,0,0,118
6,103,0,118
9,9,0,118
7,4,0,118
5,24,0,118
10,2,0,118
12,14,0,118
2,0,0,118
11,0,0,118
4,5,0,118
3,2,0,118
1,1,0,119
18,6,0,119
14,8,0,119
15,6,0,119
16,31,0,119
17,6,0,119
13,0,0,119
8,56,0,119
6,103,0,119
9,11,0,119
7,9,0,119
5,66,0,119
10,0,0,119
12,10,0,119
2,2,0,119
11,2,0,119
4,2,0,119
3,0,0,119
11,86,0,11
1,3,0,11
4,55,0,11
12,246,0,11
14,176,0,11
16,823,0,11
17,39,0,11
15,21,0,11
13,58,0,11
18,111,0,11
2,32,0,11
5,877,0,11
9,308,0,11
6,1198,0,11
10,17,0,11
8,35,0,11
7,41,0,11
3,19,0,11
1,5,0,120
18,19,0,120
14,15,0,120
15,8,0,120
16,189,0,120
17,5,0,120
13,8,0,120
8,24,0,120
6,254,0,120
9,32,0,120
7,9,0,120
5,157,0,120
10,5,0,120
12,38,0,120
2,13,0,120
11,70,0,120
4,13,0,120
3,3,0,120
1,37,0,121
18,408,0,121
14,593,0,121
15,271,0,121
16,4249,0,121
17,99,0,121
13,168,0,121
8,430,0,121
6,4141,0,121
9,1142,0,121
7,465,0,121
5,3071,0,121
10,570,0,121
12,955,0,121
2,56,0,121
11,308,0,121
4,241,0,121
3,45,0,121
1,7,0,122
18,122,0,122
14,148,0,122
15,105,0,122
16,626,0,122
17,22,0,122
13,38,0,122
8,85,0,122
6,1400,0,122
9,212,0,122
7,49,0,122
5,467,0,122
10,23,0,122
12,298,0,122
2,9,0,122
11,25,0,122
4,60,0,122
3,7,0,122
1,5,0,123
18,39,0,123
14,35,0,123
15,8,0,123
16,295,0,123
17,5,0,123
13,8,0,123
8,429,0,123
6,299,0,123
9,84,0,123
7,8,0,123
5,353,0,123
10,10,0,123
12,61,0,123
2,1,0,123
11,21,0,123
4,28,0,123
3,4,0,123
1,5,0,124
18,49,0,124
14,41,0,124
15,28,0,124
16,548,0,124
17,17,0,124
13,28,0,124
8,33,0,124
6,748,0,124
9,145,0,124
7,54,0,124
5,734,0,124
10,52,0,124
12,111,0,124
2,8,0,124
11,40,0,124
4,44,0,124
3,15,0,124
1,0,0,125
18,2,0,125
14,0,0,125
15,0,0,125
16,4,0,125
17,0,0,125
13,0,0,125
8,13,0,125
6,7,0,125
9,13,0,125
7,0,0,125
5,14,0,125
10,1,0,125
12,2,0,125
2,0,0,125
11,1,0,125
4,0,0,125
3,0,0,125
1,9,0,126
18,61,0,126
14,40,0,126
15,60,0,126
16,418,0,126
17,350,0,126
13,32,0,126
8,20,0,126
6,543,0,126
9,162,0,126
7,30,0,126
5,538,0,126
10,34,0,126
12,272,0,126
2,16,0,126
11,52,0,126
4,36,0,126
3,26,0,126
1,3,0,127
18,24,0,127
14,50,0,127
15,13,0,127
16,266,0,127
17,10,0,127
13,19,0,127
8,3,0,127
6,298,0,127
9,68,0,127
7,34,0,127
5,273,0,127
10,11,0,127
12,102,0,127
2,5,0,127
11,11,0,127
4,36,0,127
3,7,0,127
1,1,0,128
18,17,0,128
14,68,0,128
15,13,0,128
16,168,0,128
17,7,0,128
13,7,0,128
8,24,0,128
6,286,0,128
9,68,0,128
7,93,0,128
5,398,0,128
10,23,0,128
12,84,0,128
2,6,0,128
11,21,0,128
4,7,0,128
3,4,0,128
1,7,0,129
18,62,0,129
14,29,0,129
15,30,0,129
16,524,0,129
17,27,0,129
13,16,0,129
8,57,0,129
6,750,0,129
9,177,0,129
7,164,0,129
5,636,0,129
10,47,0,129
12,123,0,129
2,11,0,129
11,21,0,129
4,31,0,129
3,7,0,129
11,3,0,12
1,0,0,12
4,4,0,12
12,15,0,12
14,38,0,12
16,67,0,12
17,9,0,12
15,1,0,12
13,26,0,12
18,23,0,12
2,0,0,12
5,78,0,12
9,15,0,12
6,80,0,12
10,2,0,12
8,4,0,12
7,7,0,12
3,5,0,12
1,1,0,130
18,6,0,130
14,4,0,130
15,1,0,130
16,80,0,130
17,8,0,130
13,0,0,130
8,25,0,130
6,52,0,130
9,17,0,130
7,1,0,130
5,98,0,130
10,5,0,130
12,13,0,130
2,0,0,130
11,10,0,130
4,2,0,130
3,1,0,130
1,11,0,131
18,372,0,131
14,153,0,131
15,41,0,131
16,460,0,131
17,74,0,131
13,27,0,131
8,46,0,131
6,930,0,131
9,211,0,131
7,68,0,131
5,838,0,131
10,33,0,131
12,240,0,131
2,26,0,131
11,62,0,131
4,44,0,131
3,6,0,131
1,0,0,132
18,39,0,132
14,16,0,132
15,1,0,132
16,37,0,132
17,2,0,132
13,4,0,132
8,12,0,132
6,76,0,132
9,109,0,132
7,5,0,132
5,30,0,132
10,22,0,132
12,11,0,132
2,0,0,132
11,2,0,132
4,3,0,132
3,2,0,132
1,0,0,133
18,10,0,133
14,9,0,133
15,5,0,133
16,59,0,133
17,3,0,133
13,6,0,133
8,41,0,133
6,92,0,133
9,18,0,133
7,7,0,133
5,72,0,133
10,0,0,133
12,17,0,133
2,3,0,133
11,7,0,133
4,7,0,133
3,1,0,133
1,3,0,134
18,25,0,134
14,18,0,134
15,6,0,134
16,184,0,134
17,9,0,134
13,3,0,134
8,20,0,134
6,249,0,134
9,74,0,134
7,22,0,134
5,177,0,134
10,11,0,134
12,79,0,134
2,2,0,134
11,9,0,134
4,19,0,134
3,3,0,134
1,0,0,135
18,27,0,135
14,15,0,135
15,3,0,135
16,110,0,135
17,3,0,135
13,2,0,135
8,5,0,135
6,154,0,135
9,122,0,135
7,9,0,135
5,68,0,135
10,27,0,135
12,12,0,135
2,1,0,135
11,1,0,135
4,10,0,135
3,0,0,135
1,0,0,136
18,15,0,136
14,9,0,136
15,11,0,136
16,82,0,136
17,4,0,136
13,1,0,136
8,0,0,136
6,196,0,136
9,30,0,136
7,4,0,136
5,33,0,136
10,1,0,136
12,32,0,136
2,1,0,136
11,1,0,136
4,3,0,136
3,0,0,136
1,0,0,137
18,2,0,137
14,6,0,137
15,2,0,137
16,11,0,137
17,1,0,137
13,0,0,137
8,1,0,137
6,24,0,137
9,1,0,137
7,1,0,137
5,11,0,137
10,0,0,137
12,8,0,137
2,1,0,137
11,4,0,137
4,1,0,137
3,0,0,137
1,4,0,138
18,90,0,138
14,56,0,138
15,19,0,138
16,408,0,138
17,15,0,138
13,22,0,138
8,90,0,138
6,666,0,138
9,129,0,138
7,102,0,138
5,458,0,138
10,54,0,138
12,159,0,138
2,11,0,138
11,42,0,138
4,28,0,138
3,11,0,138
1,4,0,139
18,101,0,139
14,196,0,139
15,43,0,139
16,847,0,139
17,31,0,139
13,27,0,139
8,68,0,139
6,895,0,139
9,341,0,139
7,222,0,139
5,1006,0,139
10,33,0,139
12,340,0,139
2,18,0,139
11,46,0,139
4,36,0,139
3,10,0,139
11,4,0,13
1,0,0,13
4,2,0,13
12,11,0,13
14,1,0,13
16,21,0,13
17,9,0,13
15,0,0,13
13,0,0,13
18,0,0,13
2,6,0,13
5,15,0,13
9,4,0,13
6,38,0,13
10,0,0,13
8,1,0,13
7,2,0,13
3,0,0,13
1,11,0,140
18,120,0,140
14,126,0,140
15,83,0,140
16,1214,0,140
17,53,0,140
13,55,0,140
8,60,0,140
6,715,0,140
9,332,0,140
7,55,0,140
5,1895,0,140
10,44,0,140
12,326,0,140
2,37,0,140
11,97,0,140
4,56,0,140
3,25,0,140
1,36,0,141
18,161,0,141
14,1636,0,141
15,93,0,141
16,1410,0,141
17,50,0,141
13,43,0,141
8,76,0,141
6,1617,0,141
9,288,0,141
7,392,0,141
5,1547,0,141
10,39,0,141
12,527,0,141
2,36,0,141
11,124,0,141
4,76,0,141
3,29,0,141
1,0,0,142
18,11,0,142
14,1,0,142
15,1,0,142
16,38,0,142
17,2,0,142
13,4,0,142
8,8,0,142
6,95,0,142
9,26,0,142
7,15,0,142
5,121,0,142
10,3,0,142
12,15,0,142
2,1,0,142
11,5,0,142
4,6,0,142
3,0,0,142
1,6,0,143
18,34,0,143
14,24,0,143
15,12,0,143
16,213,0,143
17,18,0,143
13,11,0,143
8,67,0,143
6,343,0,143
9,60,0,143
7,28,0,143
5,411,0,143
10,7,0,143
12,63,0,143
2,6,0,143
11,16,0,143
4,13,0,143
3,6,0,143
1,7,0,144
18,112,0,144
14,79,0,144
15,374,0,144
16,501,0,144
17,34,0,144
13,33,0,144
8,143,0,144
6,1631,0,144
9,178,0,144
7,83,0,144
5,1248,0,144
10,30,0,144
12,295,0,144
2,14,0,144
11,67,0,144
4,63,0,144
3,18,0,144
1,2,0,145
18,13,0,145
14,7,0,145
15,2,0,145
16,80,0,145
17,8,0,145
13,8,0,145
8,5,0,145
6,62,0,145
9,14,0,145
7,13,0,145
5,312,0,145
10,0,0,145
12,20,0,145
2,2,0,145
11,6,0,145
4,15,0,145
3,0,0,145
1,1,0,146
18,11,0,146
14,11,0,146
15,18,0,146
16,156,0,146
17,155,0,146
13,9,0,146
8,50,0,146
6,369,0,146
9,86,0,146
7,22,0,146
5,270,0,146
10,9,0,146
12,44,0,146
2,6,0,146
11,6,0,146
4,10,0,146
3,3,0,146
1,0,0,147
18,11,0,147
14,3,0,147
15,1,0,147
16,32,0,147
17,6,0,147
13,1,0,147
8,2,0,147
6,89,0,147
9,13,0,147
7,2,0,147
5,14,0,147
10,1,0,147
12,2,0,147
2,0,0,147
11,2,0,147
4,2,0,147
3,1,0,147
1,2,0,148
18,6,0,148
14,10,0,148
15,3,0,148
16,80,0,148
17,5,0,148
13,2,0,148
8,32,0,148
6,99,0,148
9,20,0,148
7,9,0,148
5,81,0,148
10,4,0,148
12,28,0,148
2,3,0,148
11,12,0,148
4,4,0,148
3,0,0,148
1,0,0,149
18,155,0,149
14,6,0,149
15,0,0,149
16,35,0,149
17,1,0,149
13,1,0,149
8,17,0,149
6,82,0,149
9,78,0,149
7,6,0,149
5,58,0,149
10,9,0,149
12,12,0,149
2,1,0,149
11,2,0,149
4,1,0,149
3,0,0,149
11,10,0,14
1,0,0,14
4,5,0,14
12,41,0,14
14,16,0,14
16,181,0,14
17,10,0,14
15,2,0,14
13,19,0,14
18,65,0,14
2,1,0,14
5,113,0,14
9,16,0,14
6,132,0,14
10,2,0,14
8,3,0,14
7,12,0,14
3,1,0,14
1,12,0,150
18,226,0,150
14,310,0,150
15,115,0,150
16,1390,0,150
17,60,0,150
13,25,0,150
8,1414,0,150
6,1182,0,150
9,365,0,150
7,193,0,150
5,1323,0,150
10,43,0,150
12,674,0,150
2,28,0,150
11,199,0,150
4,149,0,150
3,25,0,150
1,13,0,151
18,88,0,151
14,180,0,151
15,34,0,151
16,459,0,151
17,31,0,151
13,30,0,151
8,101,0,151
6,1100,0,151
9,162,0,151
7,80,0,151
5,837,0,151
10,122,0,151
12,176,0,151
2,18,0,151
11,32,0,151
4,36,0,151
3,11,0,151
1,12,0,152
18,12,0,152
14,16,0,152
15,10,0,152
16,398,0,152
17,7,0,152
13,10,0,152
8,28,0,152
6,245,0,152
9,54,0,152
7,13,0,152
5,217,0,152
10,13,0,152
12,79,0,152
2,3,0,152
11,13,0,152
4,12,0,152
3,0,0,152
1,0,0,153
18,7,0,153
14,3,0,153
15,2,0,153
16,15,0,153
17,1,0,153
13,0,0,153
8,1,0,153
6,50,0,153
9,40,0,153
7,1,0,153
5,60,0,153
10,3,0,153
12,10,0,153
2,0,0,153
11,4,0,153
4,2,0,153
3,0,0,153
1,0,0,154
18,14,0,154
14,10,0,154
15,4,0,154
16,64,0,154
17,3,0,154
13,5,0,154
8,8,0,154
6,188,0,154
9,28,0,154
7,2,0,154
5,81,0,154
10,6,0,154
12,17,0,154
2,3,0,154
11,4,0,154
4,6,0,154
3,0,0,154
1,0,0,155
18,17,0,155
14,8,0,155
15,3,0,155
16,40,0,155
17,1,0,155
13,1,0,155
8,13,0,155
6,110,0,155
9,105,0,155
7,7,0,155
5,64,0,155
10,7,0,155
12,17,0,155
2,2,0,155
11,4,0,155
4,1,0,155
3,4,0,155
1,1,0,156
2,2,0,156
3,7,0,156
4,12,0,156
5,298,0,156
6,304,0,156
7,34,0,156
8,29,0,156
9,62,0,156
10,13,0,156
11,1,0,156
12,62,0,156
13,17,0,156
14,15,0,156
15,2,0,156
16,319,0,156
17,26,0,156
18,7,0,156
1,1,0,157
2,3,0,157
3,3,0,157
4,20,0,157
5,411,0,157
6,267,0,157
7,18,0,157
8,9,0,157
9,70,0,157
10,73,0,157
11,22,0,157
12,121,0,157
13,35,0,157
14,36,0,157
15,13,0,157
16,217,0,157
17,29,0,157
18,136,0,157
1,2,0,158
2,7,0,158
3,2,0,158
4,14,0,158
5,221,0,158
6,257,0,158
7,15,0,158
8,17,0,158
9,62,0,158
10,4,0,158
11,7,0,158
12,57,0,158
13,23,0,158
14,16,0,158
15,3,0,158
16,209,0,158
17,33,0,158
18,23,0,158
1,0,0,159
2,1,0,159
3,0,0,159
4,7,0,159
5,95,0,159
6,72,0,159
7,10,0,159
8,98,0,159
9,36,0,159
10,3,0,159
11,4,0,159
12,21,0,159
13,0,0,159
14,4,0,159
15,1,0,159
16,128,0,159
17,0,0,159
18,4,0,159
11,14,0,15
1,5,0,15
4,44,0,15
12,227,0,15
14,22,0,15
16,733,0,15
17,18,0,15
15,26,0,15
13,14,0,15
18,82,0,15
2,30,0,15
5,247,0,15
9,96,0,15
6,570,0,15
10,10,0,15
8,3,0,15
7,19,0,15
3,31,0,15
1,23,0,160
2,59,0,160
3,27,0,160
4,196,0,160
5,5667,0,160
6,4688,0,160
7,275,0,160
8,1159,0,160
9,1429,0,160
10,247,0,160
11,288,0,160
12,1148,0,160
13,284,0,160
14,546,0,160
15,125,0,160
16,4686,0,160
17,474,0,160
18,230,0,160
1,0,0,161
2,1,0,161
3,0,0,161
4,8,0,161
5,104,0,161
6,141,0,161
7,2,0,161
8,1,0,161
9,36,0,161
10,1,0,161
11,3,0,161
12,28,0,161
13,10,0,161
14,8,0,161
15,3,0,161
16,104,0,161
17,4,0,161
18,4,0,161
1,25,0,162
2,10,0,162
3,15,0,162
4,61,0,162
5,845,0,162
6,599,0,162
7,44,0,162
8,53,0,162
9,114,0,162
10,11,0,162
11,90,0,162
12,340,0,162
13,133,0,162
14,57,0,162
15,15,0,162
16,744,0,162
17,318,0,162
18,34,0,162
1,4,0,163
2,19,0,163
3,8,0,163
4,9,0,163
5,348,0,163
6,300,0,163
7,11,0,163
8,16,0,163
9,73,0,163
10,2,0,163
11,5,0,163
12,50,0,163
13,42,0,163
14,57,0,163
15,0,0,163
16,245,0,163
17,40,0,163
18,8,0,163
1,0,0,164
2,5,0,164
3,1,0,164
4,12,0,164
5,136,0,164
6,127,0,164
7,11,0,164
8,8,0,164
9,41,0,164
10,2,0,164
11,6,0,164
12,63,0,164
13,69,0,164
14,8,0,164
15,11,0,164
16,384,0,164
17,49,0,164
18,13,0,164
1,1,0,165
2,5,0,165
3,8,0,165
4,13,0,165
5,211,0,165
6,225,0,165
7,8,0,165
8,11,0,165
9,41,0,165
10,19,0,165
11,38,0,165
12,58,0,165
13,717,0,165
14,31,0,165
15,5,0,165
16,274,0,165
17,62,0,165
18,14,0,165
1,1,0,166
2,1,0,166
3,1,0,166
4,16,0,166
5,391,0,166
6,305,0,166
7,13,0,166
8,52,0,166
9,56,0,166
10,5,0,166
11,2,0,166
12,61,0,166
13,9,0,166
14,11,0,166
15,3,0,166
16,489,0,166
17,13,0,166
18,16,0,166
1,0,0,167
2,1,0,167
3,2,0,167
4,5,0,167
5,76,0,167
6,146,0,167
7,8,0,167
8,1,0,167
9,31,0,167
10,2,0,167
11,12,0,167
12,25,0,167
13,5,0,167
14,5,0,167
15,0,0,167
16,198,0,167
17,5,0,167
18,10,0,167
1,5,0,168
2,9,0,168
3,0,0,168
4,27,0,168
5,429,0,168
6,576,0,168
7,15,0,168
8,13,0,168
9,83,0,168
10,18,0,168
11,20,0,168
12,121,0,168
13,79,0,168
14,49,0,168
15,12,0,168
16,462,0,168
17,29,0,168
18,28,0,168
1,2,0,169
2,9,0,169
3,3,0,169
4,32,0,169
5,928,0,169
6,898,0,169
7,54,0,169
8,117,0,169
9,241,0,169
10,80,0,169
11,38,0,169
12,280,0,169
13,52,0,169
14,80,0,169
15,19,0,169
16,913,0,169
17,88,0,169
18,39,0,169
11,17,0,16
1,0,0,16
4,45,0,16
12,220,0,16
14,17,0,16
16,517,0,16
17,15,0,16
15,23,0,16
13,10,0,16
18,39,0,16
2,10,0,16
5,189,0,16
9,66,0,16
6,488,0,16
10,10,0,16
8,1,0,16
7,11,0,16
3,18,0,16
1,1,0,170
2,0,0,170
3,0,0,170
4,3,0,170
5,45,0,170
6,80,0,170
7,4,0,170
8,0,0,170
9,2,0,170
10,3,0,170
11,0,0,170
12,14,0,170
13,0,0,170
14,1,0,170
15,1,0,170
16,656,0,170
17,3,0,170
18,0,0,170
1,10,0,171
2,25,0,171
3,17,0,171
4,64,0,171
5,1229,0,171
6,1439,0,171
7,90,0,171
8,45,0,171
9,563,0,171
10,135,0,171
11,218,0,171
12,518,0,171
13,115,0,171
14,257,0,171
15,84,0,171
16,1598,0,171
17,204,0,171
18,105,0,171
1,1,0,172
2,3,0,172
3,6,0,172
4,13,0,172
5,618,0,172
6,148,0,172
7,4,0,172
8,30,0,172
9,48,0,172
10,11,0,172
11,3,0,172
12,75,0,172
13,13,0,172
14,10,0,172
15,3,0,172
16,147,0,172
17,9,0,172
18,16,0,172
1,1,0,173
2,1,0,173
3,1,0,173
4,7,0,173
5,128,0,173
6,188,0,173
7,4,0,173
8,3,0,173
9,30,0,173
10,9,0,173
11,18,0,173
12,42,0,173
13,10,0,173
14,50,0,173
15,8,0,173
16,139,0,173
17,9,0,173
18,5,0,173
1,1,0,174
2,5,0,174
3,3,0,174
4,14,0,174
5,259,0,174
6,365,0,174
7,33,0,174
8,16,0,174
9,67,0,174
10,24,0,174
11,23,0,174
12,178,0,174
13,135,0,174
14,49,0,174
15,1,0,174
16,355,0,174
17,47,0,174
18,99,0,174
1,0,0,175
2,3,0,175
3,1,0,175
4,11,0,175
5,61,0,175
6,596,0,175
7,5,0,175
8,7,0,175
9,16,0,175
10,3,0,175
11,7,0,175
12,32,0,175
13,10,0,175
14,8,0,175
15,8,0,175
16,290,0,175
17,21,0,175
18,6,0,175
1,0,0,176
2,2,0,176
3,1,0,176
4,1,0,176
5,37,0,176
6,70,0,176
7,1,0,176
8,0,0,176
9,9,0,176
10,0,0,176
11,0,0,176
12,8,0,176
13,1,0,176
14,1,0,176
15,2,0,176
16,114,0,176
17,6,0,176
18,1,0,176
1,1,0,177
2,4,0,177
3,2,0,177
4,8,0,177
5,216,0,177
6,197,0,177
7,7,0,177
8,6,0,177
9,46,0,177
10,3,0,177
11,12,0,177
12,44,0,177
13,22,0,177
14,22,0,177
15,50,0,177
16,179,0,177
17,14,0,177
18,12,0,177
1,0,0,178
2,0,0,178
3,0,0,178
4,0,0,178
5,22,0,178
6,44,0,178
7,7,0,178
8,9,0,178
9,11,0,178
10,1,0,178
11,0,0,178
12,9,0,178
13,5,0,178
14,4,0,178
15,6,0,178
16,91,0,178
17,1,0,178
18,0,0,178
1,0,0,179
2,0,0,179
3,0,0,179
4,0,0,179
5,63,0,179
6,80,0,179
7,2,0,179
8,11,0,179
9,17,0,179
10,1,0,179
11,2,0,179
12,6,0,179
13,8,0,179
14,4,0,179
15,1,0,179
16,66,0,179
17,5,0,179
18,7,0,179
11,10,0,17
1,0,0,17
4,4,0,17
12,17,0,17
14,5,0,17
16,91,0,17
17,6,0,17
15,6,0,17
13,1,0,17
18,4,0,17
2,0,0,17
5,81,0,17
9,12,0,17
6,84,0,17
10,0,0,17
8,1,0,17
7,2,0,17
3,3,0,17
1,2,0,180
2,23,0,180
3,34,0,180
4,40,0,180
5,843,0,180
6,818,0,180
7,34,0,180
8,30,0,180
9,184,0,180
10,56,0,180
11,56,0,180
12,461,0,180
13,462,0,180
14,249,0,180
15,20,0,180
16,967,0,180
17,84,0,180
18,103,0,180
1,4,0,181
2,5,0,181
3,0,0,181
4,29,0,181
5,572,0,181
6,284,0,181
7,37,0,181
8,11,0,181
9,90,0,181
10,9,0,181
11,46,0,181
12,149,0,181
13,68,0,181
14,18,0,181
15,10,0,181
16,849,0,181
17,38,0,181
18,18,0,181
1,0,0,182
2,0,0,182
3,0,0,182
4,0,0,182
5,8,0,182
6,22,0,182
7,1,0,182
8,0,0,182
9,6,0,182
10,1,0,182
11,0,0,182
12,0,0,182
13,3,0,182
14,0,0,182
15,0,0,182
16,35,0,182
17,2,0,182
18,1,0,182
1,0,0,183
2,4,0,183
3,2,0,183
4,11,0,183
5,278,0,183
6,282,0,183
7,38,0,183
8,23,0,183
9,60,0,183
10,40,0,183
11,32,0,183
12,90,0,183
13,23,0,183
14,49,0,183
15,5,0,183
16,851,0,183
17,32,0,183
18,25,0,183
1,0,0,184
2,4,0,184
3,0,0,184
4,8,0,184
5,201,0,184
6,190,0,184
7,7,0,184
8,40,0,184
9,33,0,184
10,10,0,184
11,13,0,184
12,40,0,184
13,10,0,184
14,8,0,184
15,6,0,184
16,191,0,184
17,19,0,184
18,11,0,184
1,0,0,185
2,1,0,185
3,1,0,185
4,3,0,185
5,70,0,185
6,107,0,185
7,7,0,185
8,11,0,185
9,20,0,185
10,1,0,185
11,3,0,185
12,8,0,185
13,2,0,185
14,6,0,185
15,2,0,185
16,181,0,185
17,10,0,185
18,8,0,185
1,15,0,186
2,54,0,186
3,64,0,186
4,204,0,186
5,4455,0,186
6,3354,0,186
7,321,0,186
8,128,0,186
9,1073,0,186
10,878,0,186
11,449,0,186
12,1743,0,186
13,429,0,186
14,901,0,186
15,201,0,186
16,3987,0,186
17,461,0,186
18,515,0,186
1,2,0,187
2,8,0,187
3,6,0,187
4,27,0,187
5,523,0,187
6,452,0,187
7,63,0,187
8,26,0,187
9,82,0,187
10,39,0,187
11,45,0,187
12,228,0,187
13,337,0,187
14,62,0,187
15,18,0,187
16,670,0,187
17,60,0,187
18,45,0,187
1,3,0,188
2,2,0,188
3,0,0,188
4,8,0,188
5,164,0,188
6,266,0,188
7,7,0,188
8,25,0,188
9,42,0,188
10,11,0,188
11,6,0,188
12,51,0,188
13,12,0,188
14,15,0,188
15,1,0,188
16,274,0,188
17,18,0,188
18,5,0,188
18,30,0,189
16,282,0,189
15,17,0,189
14,40,0,189
13,15,0,189
17,18,0,189
1,2,0,189
3,5,0,189
11,29,0,189
4,18,0,189
6,281,0,189
7,45,0,189
5,332,0,189
8,34,0,189
10,5,0,189
9,125,0,189
2,11,0,189
12,125,0,189
11,1,0,18
1,0,0,18
4,5,0,18
12,30,0,18
14,2,0,18
16,193,0,18
17,29,0,18
15,2,0,18
13,1,0,18
18,8,0,18
2,4,0,18
5,146,0,18
9,52,0,18
6,166,0,18
10,1,0,18
8,4,0,18
7,9,0,18
3,1,0,18
18,23,0,190
16,331,0,190
15,4,0,190
14,30,0,190
13,12,0,190
17,10,0,190
1,3,0,190
3,1,0,190
11,25,0,190
4,26,0,190
6,192,0,190
7,288,0,190
5,312,0,190
8,11,0,190
10,1,0,190
9,385,0,190
2,5,0,190
12,46,0,190
18,3,0,191
16,66,0,191
15,0,0,191
14,3,0,191
13,1,0,191
17,3,0,191
1,0,0,191
3,3,0,191
11,5,0,191
4,2,0,191
6,38,0,191
7,8,0,191
5,105,0,191
8,26,0,191
10,1,0,191
9,23,0,191
2,1,0,191
12,7,0,191
18,46,0,192
16,249,0,192
15,6,0,192
14,17,0,192
13,12,0,192
17,9,0,192
1,1,0,192
3,1,0,192
11,11,0,192
4,18,0,192
6,146,0,192
7,31,0,192
5,132,0,192
8,3,0,192
10,1,0,192
9,66,0,192
2,7,0,192
12,45,0,192
18,29,0,193
16,300,0,193
15,6,0,193
14,22,0,193
13,8,0,193
17,13,0,193
1,0,0,193
3,2,0,193
11,23,0,193
4,25,0,193
6,274,0,193
7,14,0,193
5,253,0,193
8,94,0,193
10,8,0,193
9,82,0,193
2,5,0,193
12,84,0,193
18,285,0,194
16,3551,0,194
15,284,0,194
14,489,0,194
13,220,0,194
17,245,0,194
1,33,0,194
3,51,0,194
11,506,0,194
4,291,0,194
6,2639,0,194
7,326,0,194
5,4193,0,194
8,178,0,194
10,118,0,194
9,1244,0,194
2,81,0,194
12,1227,0,194
18,2,0,195
16,141,0,195
15,4,0,195
14,5,0,195
13,2,0,195
17,0,0,195
1,0,0,195
3,2,0,195
11,4,0,195
4,3,0,195
6,89,0,195
7,7,0,195
5,117,0,195
8,2,0,195
10,1,0,195
9,24,0,195
2,7,0,195
12,17,0,195
18,20,0,196
16,317,0,196
15,8,0,196
14,52,0,196
13,13,0,196
17,17,0,196
1,0,0,196
3,1,0,196
11,12,0,196
4,24,0,196
6,260,0,196
7,34,0,196
5,325,0,196
8,17,0,196
10,21,0,196
9,90,0,196
2,12,0,196
12,73,0,196
18,3,0,197
16,103,0,197
15,23,0,197
14,8,0,197
13,3,0,197
17,8,0,197
1,1,0,197
3,6,0,197
11,33,0,197
4,6,0,197
6,161,0,197
7,15,0,197
5,125,0,197
8,4,0,197
10,4,0,197
9,28,0,197
2,1,0,197
12,27,0,197
18,7,0,198
16,200,0,198
15,10,0,198
14,9,0,198
13,3,0,198
17,2,0,198
1,0,0,198
3,1,0,198
11,3,0,198
4,13,0,198
6,124,0,198
7,12,0,198
5,100,0,198
8,12,0,198
10,12,0,198
9,43,0,198
2,1,0,198
12,44,0,198
18,3,0,199
16,213,0,199
15,2,0,199
14,1,0,199
13,1,0,199
17,0,0,199
1,0,0,199
3,0,0,199
11,5,0,199
4,9,0,199
6,60,0,199
7,3,0,199
5,77,0,199
8,2,0,199
10,0,0,199
9,15,0,199
2,0,0,199
12,27,0,199
11,9,0,19
1,2,0,19
4,12,0,19
12,103,0,19
14,12,0,19
16,186,0,19
17,35,0,19
15,2,0,19
13,10,0,19
18,6,0,19
2,4,0,19
5,160,0,19
9,102,0,19
6,239,0,19
10,8,0,19
8,7,0,19
7,7,0,19
3,3,0,19
11,19,0,1
1,2,0,1
4,14,0,1
12,150,0,1
14,35,0,1
16,445,0,1
17,8,0,1
15,10,0,1
13,35,0,1
18,48,0,1
2,5,0,1
5,380,0,1
9,124,0,1
6,593,0,1
10,21,0,1
8,20,0,1
7,30,0,1
3,6,0,1
18,4,0,200
16,64,0,200
15,0,0,200
14,15,0,200
13,2,0,200
17,8,0,200
1,0,0,200
3,0,0,200
11,6,0,200
4,3,0,200
6,36,0,200
7,14,0,200
5,152,0,200
8,7,0,200
10,0,0,200
9,12,0,200
2,2,0,200
12,9,0,200
18,5,0,201
16,173,0,201
15,1,0,201
14,7,0,201
13,4,0,201
17,5,0,201
1,1,0,201
3,2,0,201
11,4,0,201
4,9,0,201
6,179,0,201
7,21,0,201
5,194,0,201
8,27,0,201
10,2,0,201
9,44,0,201
2,5,0,201
12,33,0,201
18,2,0,202
16,62,0,202
15,1,0,202
14,8,0,202
13,0,0,202
17,0,0,202
1,0,0,202
3,0,0,202
11,3,0,202
4,3,0,202
6,36,0,202
7,4,0,202
5,52,0,202
8,2,0,202
10,0,0,202
9,9,0,202
2,0,0,202
12,10,0,202
18,4,0,203
16,82,0,203
15,3,0,203
14,17,0,203
13,1,0,203
17,3,0,203
1,0,0,203
3,0,0,203
11,3,0,203
4,7,0,203
6,194,0,203
7,30,0,203
5,100,0,203
8,4,0,203
10,3,0,203
9,187,0,203
2,1,0,203
12,17,0,203
18,7,0,204
16,57,0,204
15,1,0,204
14,8,0,204
13,4,0,204
17,6,0,204
1,0,0,204
3,0,0,204
11,15,0,204
4,3,0,204
6,75,0,204
7,8,0,204
5,94,0,204
8,0,0,204
10,1,0,204
9,35,0,204
2,0,0,204
12,17,0,204
18,40,0,205
16,648,0,205
15,19,0,205
14,46,0,205
13,13,0,205
17,30,0,205
1,2,0,205
3,8,0,205
11,53,0,205
4,31,0,205
6,619,0,205
7,41,0,205
5,526,0,205
8,105,0,205
10,28,0,205
9,218,0,205
2,10,0,205
12,196,0,205
18,86,0,206
16,1058,0,206
15,22,0,206
14,55,0,206
13,40,0,206
17,34,0,206
1,11,0,206
3,7,0,206
11,69,0,206
4,74,0,206
6,2339,0,206
7,64,0,206
5,900,0,206
8,24,0,206
10,21,0,206
9,246,0,206
2,27,0,206
12,369,0,206
18,3,0,207
16,35,0,207
15,3,0,207
14,1,0,207
13,1,0,207
17,2,0,207
1,0,0,207
3,1,0,207
11,4,0,207
4,2,0,207
6,40,0,207
7,2,0,207
5,56,0,207
8,22,0,207
10,4,0,207
9,11,0,207
2,0,0,207
12,14,0,207
18,5,0,208
16,75,0,208
15,3,0,208
14,17,0,208
13,7,0,208
17,27,0,208
1,0,0,208
3,2,0,208
11,4,0,208
4,3,0,208
6,69,0,208
7,9,0,208
5,106,0,208
8,15,0,208
10,3,0,208
9,17,0,208
2,6,0,208
12,11,0,208
18,1,0,209
16,36,0,209
15,1,0,209
14,27,0,209
13,2,0,209
17,12,0,209
1,0,0,209
3,0,0,209
11,0,0,209
4,2,0,209
6,25,0,209
7,3,0,209
5,36,0,209
8,15,0,209
10,1,0,209
9,7,0,209
2,0,0,209
12,7,0,209
11,0,0,20
1,0,0,20
4,3,0,20
12,27,0,20
14,2,0,20
16,224,0,20
17,17,0,20
15,0,0,20
13,5,0,20
18,11,0,20
2,1,0,20
5,107,0,20
9,33,0,20
6,218,0,20
10,1,0,20
8,9,0,20
7,3,0,20
3,0,0,20
18,7,0,210
16,164,0,210
15,9,0,210
14,35,0,210
13,17,0,210
17,27,0,210
1,0,0,210
3,3,0,210
11,11,0,210
4,16,0,210
6,254,0,210
7,18,0,210
5,243,0,210
8,22,0,210
10,2,0,210
9,90,0,210
2,40,0,210
12,49,0,210
18,12,0,211
16,145,0,211
15,5,0,211
14,13,0,211
13,6,0,211
17,4,0,211
1,1,0,211
3,1,0,211
11,6,0,211
4,7,0,211
6,302,0,211
7,14,0,211
5,258,0,211
8,8,0,211
10,5,0,211
9,74,0,211
2,9,0,211
12,66,0,211
18,33,0,212
16,1201,0,212
15,13,0,212
14,81,0,212
13,14,0,212
17,16,0,212
1,5,0,212
3,6,0,212
11,38,0,212
4,41,0,212
6,1034,0,212
7,40,0,212
5,526,0,212
8,34,0,212
10,19,0,212
9,114,0,212
2,15,0,212
12,121,0,212
18,2,0,213
16,31,0,213
15,2,0,213
14,16,0,213
13,0,0,213
17,16,0,213
1,0,0,213
3,0,0,213
11,1,0,213
4,6,0,213
6,38,0,213
7,5,0,213
5,38,0,213
8,0,0,213
10,11,0,213
9,6,0,213
2,2,0,213
12,14,0,213
18,3,0,214
16,117,0,214
15,2,0,214
14,7,0,214
13,2,0,214
17,7,0,214
1,0,0,214
3,0,0,214
11,3,0,214
4,6,0,214
6,62,0,214
7,8,0,214
5,56,0,214
8,6,0,214
10,2,0,214
9,21,0,214
2,2,0,214
12,26,0,214
18,5,0,215
16,48,0,215
15,5,0,215
14,161,0,215
13,2,0,215
17,9,0,215
1,1,0,215
3,1,0,215
11,7,0,215
4,2,0,215
6,87,0,215
7,3,0,215
5,115,0,215
8,9,0,215
10,6,0,215
9,37,0,215
2,3,0,215
12,29,0,215
18,12,0,216
16,33,0,216
15,0,0,216
14,10,0,216
13,1,0,216
17,20,0,216
1,0,0,216
3,0,0,216
11,3,0,216
4,2,0,216
6,33,0,216
7,7,0,216
5,78,0,216
8,1,0,216
10,3,0,216
9,24,0,216
2,4,0,216
12,14,0,216
18,6,0,217
16,46,0,217
15,2,0,217
14,99,0,217
13,2,0,217
17,97,0,217
1,1,0,217
3,1,0,217
11,7,0,217
4,4,0,217
6,49,0,217
7,10,0,217
5,56,0,217
8,1,0,217
10,0,0,217
9,15,0,217
2,1,0,217
12,17,0,217
18,26,0,218
16,250,0,218
15,7,0,218
14,25,0,218
13,9,0,218
17,28,0,218
1,0,0,218
3,6,0,218
11,12,0,218
4,18,0,218
6,221,0,218
7,37,0,218
5,331,0,218
8,3,0,218
10,10,0,218
9,89,0,218
2,4,0,218
12,68,0,218
18,17,0,219
16,152,0,219
15,5,0,219
14,38,0,219
13,15,0,219
17,36,0,219
1,1,0,219
3,2,0,219
11,7,0,219
4,37,0,219
6,153,0,219
7,52,0,219
5,298,0,219
8,5,0,219
10,3,0,219
9,104,0,219
2,3,0,219
12,53,0,219
11,6,0,21
1,0,0,21
4,1,0,21
12,35,0,21
14,6,0,21
16,113,0,21
17,12,0,21
15,0,0,21
13,5,0,21
18,4,0,21
2,3,0,21
5,56,0,21
9,65,0,21
6,109,0,21
10,3,0,21
8,0,0,21
7,2,0,21
3,3,0,21
18,12,0,220
16,154,0,220
15,18,0,220
14,35,0,220
13,8,0,220
17,10,0,220
1,1,0,220
3,5,0,220
11,13,0,220
4,8,0,220
6,131,0,220
7,16,0,220
5,184,0,220
8,10,0,220
10,3,0,220
9,36,0,220
2,7,0,220
12,59,0,220
18,132,0,221
16,1417,0,221
15,142,0,221
14,182,0,221
13,72,0,221
17,114,0,221
1,5,0,221
3,28,0,221
11,164,0,221
4,103,0,221
6,1481,0,221
7,195,0,221
5,1686,0,221
8,70,0,221
10,31,0,221
9,474,0,221
2,33,0,221
12,423,0,221
18,100,0,222
16,2276,0,222
15,60,0,222
14,390,0,222
13,77,0,222
17,69,0,222
1,18,0,222
3,44,0,222
11,161,0,222
4,126,0,222
6,2212,0,222
7,130,0,222
5,2690,0,222
8,60,0,222
10,47,0,222
9,466,0,222
2,63,0,222
12,744,0,222
18,8,0,223
16,158,0,223
15,3,0,223
14,11,0,223
13,7,0,223
17,4,0,223
1,2,0,223
3,2,0,223
11,9,0,223
4,9,0,223
6,206,0,223
7,17,0,223
5,244,0,223
8,6,0,223
10,18,0,223
9,42,0,223
2,4,0,223
12,63,0,223
18,12,0,224
16,165,0,224
15,1,0,224
14,18,0,224
13,4,0,224
17,5,0,224
1,0,0,224
3,2,0,224
11,5,0,224
4,4,0,224
6,95,0,224
7,11,0,224
5,176,0,224
8,54,0,224
10,2,0,224
9,48,0,224
2,1,0,224
12,38,0,224
18,91,0,225
16,1080,0,225
15,49,0,225
14,1316,0,225
13,130,0,225
17,103,0,225
1,10,0,225
3,22,0,225
11,73,0,225
4,67,0,225
6,1481,0,225
7,65,0,225
5,1130,0,225
8,143,0,225
10,12,0,225
9,510,0,225
2,50,0,225
12,511,0,225
18,15,0,226
16,127,0,226
15,9,0,226
14,19,0,226
13,4,0,226
17,4,0,226
1,1,0,226
3,0,0,226
11,16,0,226
4,5,0,226
6,86,0,226
7,9,0,226
5,149,0,226
8,612,0,226
10,2,0,226
9,34,0,226
2,4,0,226
12,39,0,226
18,4,0,227
16,40,0,227
15,1,0,227
14,3,0,227
13,0,0,227
17,0,0,227
1,1,0,227
3,0,0,227
11,1,0,227
4,2,0,227
6,31,0,227
7,3,0,227
5,65,0,227
8,7,0,227
10,0,0,227
9,20,0,227
2,0,0,227
12,3,0,227
18,7,0,228
16,99,0,228
15,4,0,228
14,13,0,228
13,6,0,228
17,1,0,228
1,1,0,228
3,6,0,228
11,4,0,228
4,8,0,228
6,223,0,228
7,11,0,228
5,273,0,228
8,9,0,228
10,1,0,228
9,62,0,228
2,5,0,228
12,49,0,228
11,14,0,22
1,2,0,22
4,7,0,22
12,73,0,22
14,7,0,22
16,214,0,22
17,10,0,22
15,2,0,22
13,9,0,22
18,17,0,22
2,6,0,22
5,110,0,22
9,73,0,22
6,276,0,22
10,3,0,22
8,10,0,22
7,32,0,22
3,9,0,22
11,19,0,23
1,2,0,23
4,17,0,23
12,95,0,23
14,599,0,23
16,269,0,23
17,33,0,23
15,21,0,23
13,54,0,23
18,44,0,23
2,9,0,23
5,221,0,23
9,45,0,23
6,289,0,23
10,4,0,23
8,11,0,23
7,19,0,23
3,8,0,23
11,49,0,24
1,5,0,24
4,69,0,24
12,443,0,24
14,373,0,24
16,1149,0,24
17,163,0,24
15,54,0,24
13,183,0,24
18,167,0,24
2,57,0,24
5,775,0,24
9,217,0,24
6,1401,0,24
10,29,0,24
8,30,0,24
7,150,0,24
3,36,0,24
11,8,0,25
1,1,0,25
4,18,0,25
12,116,0,25
14,7,0,25
16,562,0,25
17,19,0,25
15,9,0,25
13,5,0,25
18,36,0,25
2,2,0,25
5,114,0,25
9,51,0,25
6,273,0,25
10,6,0,25
8,14,0,25
7,9,0,25
3,9,0,25
11,0,0,26
1,0,0,26
4,9,0,26
12,21,0,26
14,0,0,26
16,109,0,26
17,14,0,26
15,4,0,26
13,2,0,26
18,5,0,26
2,5,0,26
5,28,0,26
9,35,0,26
6,58,0,26
10,1,0,26
8,2,0,26
7,5,0,26
3,2,0,26
11,0,0,27
1,0,0,27
4,0,0,27
12,0,0,27
14,0,0,27
16,0,0,27
17,0,0,27
15,0,0,27
13,0,0,27
18,0,0,27
2,0,0,27
5,0,0,27
9,0,0,27
6,0,0,27
10,0,0,27
8,0,0,27
7,0,0,27
3,0,0,27
11,2,0,28
1,0,0,28
4,5,0,28
12,23,0,28
14,3,0,28
16,84,0,28
17,144,0,28
15,2,0,28
13,6,0,28
18,10,0,28
2,2,0,28
5,98,0,28
9,15,0,28
6,148,0,28
10,1,0,28
8,1,0,28
7,5,0,28
3,0,0,28
11,5,0,29
1,0,0,29
4,9,0,29
12,83,0,29
14,33,0,29
16,234,0,29
17,14,0,29
15,10,0,29
13,16,0,29
18,34,0,29
2,21,0,29
5,209,0,29
9,109,0,29
6,399,0,29
10,3,0,29
8,5,0,29
7,17,0,29
3,7,0,29
11,4,0,2
1,1,0,2
4,21,0,2
12,24,0,2
14,37,0,2
16,218,0,2
17,5,0,2
15,11,0,2
13,6,0,2
18,15,0,2
2,1,0,2
5,142,0,2
9,15,0,2
6,155,0,2
10,2,0,2
8,232,0,2
7,29,0,2
3,1,0,2
11,1,0,30
1,0,0,30
4,10,0,30
12,32,0,30
14,3,0,30
16,163,0,30
17,8,0,30
15,4,0,30
13,8,0,30
18,8,0,30
2,3,0,30
5,27,0,30
9,183,0,30
6,60,0,30
10,1,0,30
8,0,0,30
7,5,0,30
3,6,0,30
11,30,0,31
1,4,0,31
4,25,0,31
12,313,0,31
14,26,0,31
16,813,0,31
17,19,0,31
15,22,0,31
13,18,0,31
18,35,0,31
2,11,0,31
5,384,0,31
9,96,0,31
6,655,0,31
10,16,0,31
8,7,0,31
7,19,0,31
3,16,0,31
11,11,0,32
1,1,0,32
4,31,0,32
12,80,0,32
14,93,0,32
16,206,0,32
17,19,0,32
15,9,0,32
13,34,0,32
18,25,0,32
2,3,0,32
5,170,0,32
9,38,0,32
6,225,0,32
10,5,0,32
8,6,0,32
7,46,0,32
3,1,0,32
11,0,0,33
1,0,0,33
4,5,0,33
12,9,0,33
14,6,0,33
16,206,0,33
17,4,0,33
15,6,0,33
13,3,0,33
18,8,0,33
2,0,0,33
5,33,0,33
9,6,0,33
6,70,0,33
10,1,0,33
8,0,0,33
7,2,0,33
3,2,0,33
11,43,0,34
1,1,0,34
4,13,0,34
12,82,0,34
14,89,0,34
16,324,0,34
17,26,0,34
15,12,0,34
13,30,0,34
18,562,0,34
2,9,0,34
5,1452,0,34
9,68,0,34
6,269,0,34
10,11,0,34
8,12,0,34
7,12,0,34
3,2,0,34
11,619,0,35
1,53,0,35
4,476,0,35
12,2603,0,35
14,478,0,35
16,16534,0,35
17,396,0,35
15,494,0,35
13,502,0,35
18,908,0,35
2,209,0,35
5,7239,0,35
9,1793,0,35
6,8472,0,35
10,275,0,35
8,203,0,35
7,322,0,35
3,390,0,35
11,3,0,36
1,0,0,36
4,9,0,36
12,62,0,36
14,6,0,36
16,226,0,36
17,12,0,36
15,2,0,36
13,3,0,36
18,18,0,36
2,7,0,36
5,98,0,36
9,485,0,36
6,261,0,36
10,5,0,36
8,5,0,36
7,16,0,36
3,3,0,36
11,2,0,37
1,1,0,37
4,9,0,37
12,82,0,37
14,17,0,37
16,190,0,37
17,20,0,37
15,1,0,37
13,8,0,37
18,18,0,37
2,3,0,37
5,225,0,37
9,34,0,37
6,223,0,37
10,6,0,37
8,3,0,37
7,34,0,37
3,14,0,37
11,0,0,38
1,0,0,38
4,11,0,38
12,77,0,38
14,1,0,38
16,44,0,38
17,28,0,38
15,0,0,38
13,0,0,38
18,5,0,38
2,0,0,38
5,33,0,38
9,28,0,38
6,67,0,38
10,1,0,38
8,0,0,38
7,3,0,38
3,0,0,38
11,7,0,39
1,3,0,39
4,3,0,39
12,34,0,39
14,7,0,39
16,170,0,39
17,8,0,39
15,18,0,39
13,5,0,39
18,13,0,39
2,1,0,39
5,339,0,39
9,29,0,39
6,208,0,39
10,3,0,39
8,22,0,39
7,23,0,39
3,3,0,39
11,3,0,3
1,1,0,3
4,2,0,3
12,25,0,3
14,4,0,3
16,55,0,3
17,18,0,3
15,1,0,3
13,0,0,3
18,8,0,3
2,0,0,3
5,144,0,3
9,11,0,3
6,76,0,3
10,0,0,3
8,1,0,3
7,2,0,3
3,2,0,3
11,20,0,40
1,2,0,40
4,18,0,40
12,143,0,40
14,52,0,40
16,453,0,40
17,18,0,40
15,26,0,40
13,44,0,40
18,54,0,40
2,17,0,40
5,259,0,40
9,162,0,40
6,504,0,40
10,11,0,40
8,13,0,40
7,19,0,40
3,12,0,40
11,17,0,41
1,0,0,41
4,19,0,41
12,89,0,41
14,72,0,41
16,252,0,41
17,27,0,41
15,5,0,41
13,30,0,41
18,143,0,41
2,3,0,41
5,384,0,41
9,46,0,41
6,252,0,41
10,6,0,41
8,5,0,41
7,9,0,41
3,4,0,41
11,8,0,42
1,5,0,42
4,23,0,42
12,88,0,42
14,15,0,42
16,402,0,42
17,52,0,42
15,114,0,42
13,21,0,42
18,82,0,42
2,8,0,42
5,441,0,42
9,84,0,42
6,559,0,42
10,22,0,42
8,45,0,42
7,34,0,42
3,3,0,42
11,6,0,43
1,0,0,43
4,6,0,43
12,40,0,43
14,25,0,43
16,155,0,43
17,6,0,43
15,2,0,43
13,13,0,43
18,22,0,43
2,4,0,43
5,90,0,43
9,78,0,43
6,197,0,43
10,0,0,43
8,18,0,43
7,13,0,43
3,3,0,43
11,2,0,44
1,1,0,44
4,10,0,44
12,36,0,44
14,1,0,44
16,68,0,44
17,15,0,44
15,1,0,44
13,13,0,44
18,4,0,44
2,3,0,44
5,83,0,44
9,54,0,44
6,196,0,44
10,6,0,44
8,0,0,44
7,4,0,44
3,4,0,44
11,6,0,45
1,0,0,45
4,7,0,45
12,14,0,45
14,15,0,45
16,132,0,45
17,5,0,45
15,1,0,45
13,4,0,45
18,45,0,45
2,2,0,45
5,112,0,45
9,10,0,45
6,78,0,45
10,2,0,45
8,0,0,45
7,9,0,45
3,0,0,45
11,3,0,46
1,0,0,46
4,10,0,46
12,20,0,46
14,5,0,46
16,87,0,46
17,9,0,46
15,4,0,46
13,11,0,46
18,4,0,46
2,2,0,46
5,55,0,46
9,23,0,46
6,111,0,46
10,2,0,46
8,0,0,46
7,7,0,46
3,2,0,46
11,8,0,47
1,6,0,47
4,45,0,47
12,328,0,47
14,31,0,47
16,826,0,47
17,26,0,47
15,37,0,47
13,22,0,47
18,36,0,47
2,12,0,47
5,422,0,47
9,147,0,47
6,830,0,47
10,23,0,47
8,14,0,47
7,10,0,47
3,27,0,47
11,12,0,48
1,3,0,48
4,27,0,48
12,187,0,48
14,18,0,48
16,1305,0,48
17,36,0,48
15,15,0,48
13,21,0,48
18,62,0,48
2,21,0,48
5,539,0,48
9,109,0,48
6,870,0,48
10,20,0,48
8,20,0,48
7,26,0,48
3,15,0,48
11,132,0,49
1,7,0,49
4,106,0,49
12,401,0,49
14,113,0,49
16,2123,0,49
17,178,0,49
15,67,0,49
13,75,0,49
18,353,0,49
2,29,0,49
5,487,0,49
9,995,0,49
6,1289,0,49
10,103,0,49
8,36,0,49
7,69,0,49
3,28,0,49
11,0,0,4
1,0,0,4
4,6,0,4
12,8,0,4
14,2,0,4
16,68,0,4
17,16,0,4
15,1,0,4
13,4,0,4
18,17,0,4
2,0,0,4
5,41,0,4
9,11,0,4
6,82,0,4
10,0,0,4
8,9,0,4
7,3,0,4
3,0,0,4
11,40,0,50
1,5,0,50
4,54,0,50
12,629,0,50
14,50,0,50
16,1838,0,50
17,42,0,50
15,127,0,50
13,36,0,50
18,90,0,50
2,19,0,50
5,840,0,50
9,284,0,50
6,1436,0,50
10,25,0,50
8,28,0,50
7,28,0,50
3,66,0,50
11,53,0,51
1,2,0,51
4,42,0,51
12,409,0,51
14,236,0,51
16,839,0,51
17,43,0,51
15,39,0,51
13,52,0,51
18,124,0,51
2,34,0,51
5,675,0,51
9,797,0,51
6,1534,0,51
10,19,0,51
8,100,0,51
7,82,0,51
3,27,0,51
11,21,0,52
1,2,0,52
4,21,0,52
12,124,0,52
14,460,0,52
16,300,0,52
17,40,0,52
15,18,0,52
13,65,0,52
18,70,0,52
2,10,0,52
5,343,0,52
9,131,0,52
6,583,0,52
10,7,0,52
8,17,0,52
7,24,0,52
3,8,0,52
11,6,0,53
1,2,0,53
4,32,0,53
12,213,0,53
14,51,0,53
16,514,0,53
17,64,0,53
15,14,0,53
13,23,0,53
18,41,0,53
2,10,0,53
5,386,0,53
9,148,0,53
6,634,0,53
10,24,0,53
8,17,0,53
7,42,0,53
3,7,0,53
2,4,0,54
3,9,0,54
16,561,0,54
14,52,0,54
15,28,0,54
17,61,0,54
18,56,0,54
13,53,0,54
12,167,0,54
11,38,0,54
4,22,0,54
7,49,0,54
9,63,0,54
6,374,0,54
8,19,0,54
10,2,0,54
5,335,0,54
2,189,0,55
3,146,0,55
16,12498,0,55
14,839,0,55
15,835,0,55
17,948,0,55
18,1385,0,55
13,1138,0,55
12,2818,0,55
11,963,0,55
4,555,0,55
7,488,0,55
9,1425,0,55
6,5914,0,55
8,230,0,55
10,144,0,55
5,7284,0,55
2,9,0,56
3,13,0,56
16,612,0,56
14,17,0,56
15,41,0,56
17,52,0,56
18,33,0,56
13,39,0,56
12,120,0,56
11,32,0,56
4,40,0,56
7,22,0,56
9,48,0,56
6,527,0,56
8,23,0,56
10,6,0,56
5,203,0,56
2,4,0,57
3,4,0,57
16,160,0,57
14,6,0,57
15,5,0,57
17,34,0,57
18,13,0,57
13,22,0,57
12,28,0,57
11,11,0,57
4,7,0,57
7,6,0,57
9,17,0,57
6,112,0,57
8,7,0,57
10,2,0,57
5,92,0,57
2,3,0,58
3,2,0,58
16,223,0,58
14,6,0,58
15,5,0,58
17,19,0,58
18,34,0,58
13,44,0,58
12,33,0,58
11,8,0,58
4,9,0,58
7,39,0,58
9,33,0,58
6,158,0,58
8,15,0,58
10,1,0,58
5,177,0,58
2,20,0,59
3,18,0,59
16,784,0,59
14,65,0,59
15,29,0,59
17,34,0,59
18,89,0,59
13,56,0,59
12,293,0,59
11,38,0,59
4,40,0,59
7,74,0,59
9,111,0,59
6,502,0,59
8,18,0,59
10,5,0,59
5,790,0,59
11,54,0,5
1,4,0,5
4,52,0,5
12,276,0,5
14,121,0,5
16,681,0,5
17,39,0,5
15,48,0,5
13,393,0,5
18,147,0,5
2,16,0,5
5,647,0,5
9,149,0,5
6,736,0,5
10,28,0,5
8,51,0,5
7,304,0,5
3,8,0,5
2,10,0,60
3,6,0,60
16,225,0,60
14,29,0,60
15,13,0,60
17,18,0,60
18,22,0,60
13,32,0,60
12,98,0,60
11,38,0,60
4,17,0,60
7,5,0,60
9,34,0,60
6,221,0,60
8,16,0,60
10,2,0,60
5,232,0,60
2,10,0,61
3,19,0,61
16,531,0,61
14,17,0,61
15,71,0,61
17,22,0,61
18,42,0,61
13,37,0,61
12,185,0,61
11,46,0,61
4,31,0,61
7,19,0,61
9,119,0,61
6,496,0,61
8,13,0,61
10,7,0,61
5,250,0,61
2,29,0,62
3,42,0,62
16,1526,0,62
14,210,0,62
15,106,0,62
17,74,0,62
18,136,0,62
13,108,0,62
12,811,0,62
11,66,0,62
4,112,0,62
7,234,0,62
9,277,0,62
6,1670,0,62
8,63,0,62
10,26,0,62
5,1218,0,62
2,3,0,63
3,1,0,63
16,229,0,63
14,11,0,63
15,6,0,63
17,18,0,63
18,15,0,63
13,16,0,63
12,41,0,63
11,7,0,63
4,8,0,63
7,11,0,63
9,20,0,63
6,168,0,63
8,15,0,63
10,2,0,63
5,142,0,63
2,5,0,64
3,5,0,64
16,517,0,64
14,15,0,64
15,26,0,64
17,22,0,64
18,32,0,64
13,22,0,64
12,122,0,64
11,25,0,64
4,20,0,64
7,13,0,64
9,36,0,64
6,281,0,64
8,29,0,64
10,4,0,64
5,192,0,64
2,9,0,65
3,8,0,65
16,415,0,65
14,10,0,65
15,9,0,65
17,27,0,65
18,56,0,65
13,51,0,65
12,159,0,65
11,17,0,65
4,38,0,65
7,72,0,65
9,54,0,65
6,365,0,65
8,12,0,65
10,1,0,65
5,198,0,65
2,24,0,66
3,32,0,66
16,1725,0,66
14,199,0,66
15,309,0,66
17,140,0,66
18,240,0,66
13,254,0,66
12,487,0,66
11,185,0,66
4,87,0,66
7,37,0,66
9,162,0,66
6,1170,0,66
8,62,0,66
10,25,0,66
5,776,0,66
2,11,0,67
3,5,0,67
16,685,0,67
14,17,0,67
15,27,0,67
17,50,0,67
18,39,0,67
13,33,0,67
12,105,0,67
11,44,0,67
4,31,0,67
7,30,0,67
9,135,0,67
6,445,0,67
8,71,0,67
10,6,0,67
5,334,0,67
2,9,0,68
3,15,0,68
16,560,0,68
14,29,0,68
15,35,0,68
17,21,0,68
18,46,0,68
13,39,0,68
12,161,0,68
11,22,0,68
4,53,0,68
7,14,0,68
9,58,0,68
6,404,0,68
8,14,0,68
10,10,0,68
5,237,0,68
2,57,0,69
3,35,0,69
16,1993,0,69
14,245,0,69
15,156,0,69
17,308,0,69
18,929,0,69
13,514,0,69
12,1362,0,69
11,119,0,69
4,202,0,69
7,132,0,69
9,708,0,69
6,3089,0,69
8,46,0,69
10,46,0,69
5,2125,0,69
11,12,0,6
1,1,0,6
4,19,0,6
12,68,0,6
14,21,0,6
16,374,0,6
17,3,0,6
15,9,0,6
13,41,0,6
18,30,0,6
2,5,0,6
5,119,0,6
9,16,0,6
6,258,0,6
10,7,0,6
8,23,0,6
7,17,0,6
3,2,0,6
2,51,0,70
3,24,0,70
16,3343,0,70
14,245,0,70
15,181,0,70
17,184,0,70
18,259,0,70
13,192,0,70
12,738,0,70
11,673,0,70
4,176,0,70
7,63,0,70
9,322,0,70
6,1718,0,70
8,347,0,70
10,39,0,70
5,2143,0,70
2,18,0,71
3,11,0,71
16,796,0,71
14,31,0,71
15,41,0,71
17,66,0,71
18,72,0,71
13,69,0,71
12,207,0,71
11,65,0,71
4,37,0,71
7,225,0,71
9,148,0,71
6,1117,0,71
8,18,0,71
10,16,0,71
5,789,0,71
2,8,0,72
3,9,0,72
16,140,0,72
14,17,0,72
15,7,0,72
17,28,0,72
18,19,0,72
13,91,0,72
12,74,0,72
11,14,0,72
4,11,0,72
7,20,0,72
9,29,0,72
6,236,0,72
8,1,0,72
10,14,0,72
5,139,0,72
2,92,0,73
3,63,0,73
16,5203,0,73
14,360,0,73
15,434,0,73
17,279,0,73
18,414,0,73
13,422,0,73
12,1226,0,73
11,724,0,73
4,297,0,73
7,187,0,73
9,520,0,73
6,3461,0,73
8,232,0,73
10,91,0,73
5,1861,0,73
2,27,0,74
3,24,0,74
16,839,0,74
14,109,0,74
15,138,0,74
17,107,0,74
18,107,0,74
13,98,0,74
12,478,0,74
11,93,0,74
4,74,0,74
7,727,0,74
9,548,0,74
6,1040,0,74
8,353,0,74
10,11,0,74
5,843,0,74
2,8,0,75
3,9,0,75
16,825,0,75
14,31,0,75
15,43,0,75
17,31,0,75
18,33,0,75
13,50,0,75
12,165,0,75
11,59,0,75
4,30,0,75
7,22,0,75
9,168,0,75
6,597,0,75
8,20,0,75
10,7,0,75
5,363,0,75
2,4,0,76
3,2,0,76
16,109,0,76
14,5,0,76
15,8,0,76
17,5,0,76
18,12,0,76
13,22,0,76
12,23,0,76
11,9,0,76
4,6,0,76
7,10,0,76
9,10,0,76
6,130,0,76
8,21,0,76
10,1,0,76
5,92,0,76
2,3,0,77
3,5,0,77
16,426,0,77
14,25,0,77
15,36,0,77
17,32,0,77
18,49,0,77
13,26,0,77
12,133,0,77
11,105,0,77
4,29,0,77
7,19,0,77
9,49,0,77
6,321,0,77
8,16,0,77
10,6,0,77
5,174,0,77
2,3,0,78
3,9,0,78
16,361,0,78
14,19,0,78
15,30,0,78
17,8,0,78
18,17,0,78
13,29,0,78
12,71,0,78
11,14,0,78
4,15,0,78
7,7,0,78
9,28,0,78
6,129,0,78
8,11,0,78
10,2,0,78
5,69,0,78
2,19,0,79
3,28,0,79
16,1059,0,79
14,195,0,79
15,46,0,79
17,116,0,79
18,151,0,79
13,120,0,79
12,313,0,79
11,98,0,79
4,47,0,79
7,27,0,79
9,106,0,79
6,667,0,79
8,240,0,79
10,26,0,79
5,588,0,79
11,2,0,7
1,0,0,7
4,8,0,7
12,32,0,7
14,4,0,7
16,136,0,7
17,170,0,7
15,0,0,7
13,1,0,7
18,11,0,7
2,2,0,7
5,177,0,7
9,42,0,7
6,216,0,7
10,5,0,7
8,1,0,7
7,7,0,7
3,3,0,7
2,6,0,80
3,1,0,80
16,360,0,80
14,19,0,80
15,69,0,80
17,19,0,80
18,22,0,80
13,30,0,80
12,99,0,80
11,32,0,80
4,12,0,80
7,18,0,80
9,56,0,80
6,291,0,80
8,13,0,80
10,4,0,80
5,186,0,80
2,14,0,81
3,10,0,81
16,994,0,81
14,40,0,81
15,55,0,81
17,47,0,81
18,130,0,81
13,110,0,81
12,218,0,81
11,121,0,81
4,37,0,81
7,21,0,81
9,64,0,81
6,510,0,81
8,35,0,81
10,14,0,81
5,441,0,81
2,5,0,82
3,3,0,82
16,198,0,82
14,12,0,82
15,16,0,82
17,26,0,82
18,19,0,82
13,20,0,82
12,45,0,82
11,18,0,82
4,17,0,82
7,13,0,82
9,29,0,82
6,150,0,82
8,18,0,82
10,4,0,82
5,91,0,82
2,11,0,83
3,14,0,83
16,379,0,83
14,44,0,83
15,23,0,83
17,27,0,83
18,35,0,83
13,24,0,83
12,94,0,83
11,17,0,83
4,31,0,83
7,31,0,83
9,155,0,83
6,451,0,83
8,7,0,83
10,4,0,83
5,339,0,83
2,6,0,84
3,4,0,84
16,235,0,84
14,38,0,84
15,21,0,84
17,21,0,84
18,35,0,84
13,23,0,84
12,69,0,84
11,11,0,84
4,12,0,84
7,35,0,84
9,31,0,84
6,163,0,84
8,5,0,84
10,1,0,84
5,187,0,84
2,70,0,85
3,58,0,85
16,3981,0,85
14,193,0,85
15,241,0,85
17,158,0,85
18,392,0,85
13,168,0,85
12,1028,0,85
11,180,0,85
4,312,0,85
7,2751,0,85
9,333,0,85
6,2439,0,85
8,71,0,85
10,28,0,85
5,2224,0,85
2,12,0,86
3,19,0,86
16,571,0,86
14,22,0,86
15,20,0,86
17,87,0,86
18,79,0,86
13,88,0,86
12,131,0,86
11,31,0,86
4,25,0,86
7,43,0,86
9,88,0,86
6,459,0,86
8,73,0,86
10,15,0,86
5,452,0,86
2,10,0,87
3,3,0,87
16,314,0,87
14,21,0,87
15,13,0,87
17,31,0,87
18,38,0,87
13,37,0,87
12,52,0,87
11,18,0,87
4,16,0,87
7,32,0,87
9,53,0,87
6,264,0,87
8,29,0,87
10,7,0,87
5,328,0,87
2,1,0,88
3,1,0,88
16,77,0,88
14,8,0,88
15,6,0,88
17,3,0,88
18,4,0,88
13,9,0,88
12,19,0,88
11,10,0,88
4,6,0,88
7,4,0,88
9,19,0,88
6,59,0,88
8,22,0,88
10,0,0,88
5,39,0,88
2,13,0,89
3,15,0,89
16,467,0,89
14,83,0,89
15,35,0,89
17,42,0,89
18,67,0,89
13,64,0,89
12,162,0,89
11,32,0,89
4,26,0,89
7,81,0,89
9,64,0,89
6,370,0,89
8,7,0,89
10,4,0,89
5,353,0,89
11,42,0,8
1,1,0,8
4,24,0,8
12,307,0,8
14,105,0,8
16,495,0,8
17,42,0,8
15,26,0,8
13,52,0,8
18,81,0,8
2,8,0,8
5,390,0,8
9,320,0,8
6,1225,0,8
10,17,0,8
8,44,0,8
7,87,0,8
3,22,0,8
2,1,0,90
3,6,0,90
16,167,0,90
14,13,0,90
15,19,0,90
17,9,0,90
18,14,0,90
13,78,0,90
12,52,0,90
11,8,0,90
4,7,0,90
7,6,0,90
9,35,0,90
6,180,0,90
8,25,0,90
10,2,0,90
5,127,0,90
2,2,0,91
3,4,0,91
16,256,0,91
14,43,0,91
15,21,0,91
17,12,0,91
18,20,0,91
13,22,0,91
12,57,0,91
11,18,0,91
4,9,0,91
7,22,0,91
9,14,0,91
6,191,0,91
8,6,0,91
10,6,0,91
5,119,0,91
2,1,0,92
3,1,0,92
16,96,0,92
14,3,0,92
15,2,0,92
17,7,0,92
18,11,0,92
13,14,0,92
12,22,0,92
11,10,0,92
4,3,0,92
7,2,0,92
9,16,0,92
6,98,0,92
8,3,0,92
10,1,0,92
5,50,0,92
2,8,0,93
3,3,0,93
16,490,0,93
14,31,0,93
15,22,0,93
17,41,0,93
18,33,0,93
13,59,0,93
12,126,0,93
11,31,0,93
4,41,0,93
7,70,0,93
9,39,0,93
6,408,0,93
8,16,0,93
10,17,0,93
5,215,0,93
2,9,0,94
3,10,0,94
16,501,0,94
14,21,0,94
15,26,0,94
17,175,0,94
18,63,0,94
13,56,0,94
12,219,0,94
11,19,0,94
4,48,0,94
7,167,0,94
9,112,0,94
6,798,0,94
8,8,0,94
10,37,0,94
5,438,0,94
2,103,0,95
3,99,0,95
16,5741,0,95
14,704,0,95
15,263,0,95
17,671,0,95
18,957,0,95
13,822,0,95
12,972,0,95
11,768,0,95
4,232,0,95
7,113,0,95
9,926,0,95
6,2309,0,95
8,931,0,95
10,54,0,95
5,2345,0,95
2,8,0,96
3,17,0,96
16,513,0,96
14,18,0,96
15,18,0,96
17,50,0,96
18,41,0,96
13,58,0,96
12,87,0,96
11,13,0,96
4,28,0,96
7,13,0,96
9,35,0,96
6,274,0,96
8,12,0,96
10,4,0,96
5,180,0,96
2,5,0,97
3,8,0,97
16,313,0,97
14,21,0,97
15,25,0,97
17,11,0,97
18,47,0,97
13,22,0,97
12,87,0,97
11,12,0,97
4,29,0,97
7,7,0,97
9,42,0,97
6,233,0,97
8,19,0,97
10,6,0,97
5,198,0,97
2,6,0,98
3,11,0,98
16,483,0,98
14,42,0,98
15,25,0,98
17,27,0,98
18,66,0,98
13,55,0,98
12,106,0,98
11,12,0,98
4,36,0,98
7,43,0,98
9,76,0,98
6,387,0,98
8,16,0,98
10,8,0,98
5,350,0,98
2,4,0,99
3,5,0,99
16,225,0,99
14,18,0,99
15,13,0,99
17,45,0,99
18,18,0,99
13,19,0,99
12,58,0,99
11,5,0,99
4,17,0,99
7,17,0,99
9,21,0,99
6,246,0,99
8,6,0,99
10,3,0,99
5,113,0,99
11,342,0,9
1,36,0,9
4,215,0,9
12,2551,0,9
14,787,0,9
16,6239,0,9
17,261,0,9
15,509,0,9
13,618,0,9
18,933,0,9
2,132,0,9
5,3048,0,9
9,2295,0,9
6,7129,0,9
10,85,0,9
8,495,0,9
7,588,0,9
3,161,0,9
