050100100010	AGORDO	05	010	0010
050100100020	ALANO DI PIAVE	05	010	0020
050100100030	ALLEGHE	05	010	0030
050100100035	ALPAGO	05	010	0035
050100100040	ARSIE'	05	010	0040
050100100050	AURONZO DI CADORE	05	010	0050
050100100060	BELLUNO	05	010	0060
050100100070	BORCA DI CADORE	05	010	0070
050100100075	BORGO VALBELLUNA	05	010	0075
050100100080	CALALZO DI CADORE	05	010	0080
050100100081	CANALE D'AGORDO	05	010	0081
050100100100	CENCENIGHE AGORDINO	05	010	0100
050100100110	CESIOMAGGIORE	05	010	0110
050100100120	CHIES D'ALPAGO	05	010	0120
050100100130	CIBIANA DI CADORE	05	010	0130
050100100140	COLLE SANTA LUCIA	05	010	0140
050100100150	COMELICO SUPERIORE	05	010	0150
050100100160	CORTINA D'AMPEZZO	05	010	0160
050100100170	DANTA DI CADORE	05	010	0170
050100100180	DOMEGGE DI CADORE	05	010	0180
050100100190	FALCADE	05	010	0190
050100100210	FELTRE	05	010	0210
050100100220	FONZASO	05	010	0220
050100100250	GOSALDO	05	010	0250
050100100260	LAMON	05	010	0260
050100100270	LA VALLE AGORDINA	05	010	0270
050100100290	LIMANA	05	010	0290
050100100300	LIVINALLONGO DEL COL DI LANA	05	010	0300
050100100311	LONGARONE	05	010	0311
050100100320	LORENZAGO DI CADORE	05	010	0320
050100100330	LOZZO DI CADORE	05	010	0330
050100100350	OSPITALE DI CADORE	05	010	0350
050100100360	PEDAVENA	05	010	0360
050100100370	PERAROLO DI CADORE	05	010	0370
050100100390	PIEVE DI CADORE	05	010	0390
050100100400	PONTE NELLE ALPI	05	010	0400
050100100421	QUERO VAS	05	010	0421
050100100430	RIVAMONTE AGORDINO	05	010	0430
050100100440	ROCCA PIETORE	05	010	0440
050100100450	SAN GREGORIO NELLE ALPI	05	010	0450
050100100460	SAN NICOLO' DI COMELICO	05	010	0460
050100100470	SAN PIETRO DI CADORE	05	010	0470
050100100480	SANTA GIUSTINA	05	010	0480
050100100490	SAN TOMASO AGORDINO	05	010	0490
050100100500	SANTO STEFANO DI CADORE	05	010	0500
050100100510	SAN VITO DI CADORE	05	010	0510
050100100530	SEDICO	05	010	0530
050100100540	SELVA DI CADORE	05	010	0540
050100100550	SEREN DEL GRAPPA	05	010	0550
050100100560	SOSPIROLO	05	010	0560
050100100570	SOVERZENE	05	010	0570
050100100580	SOVRAMONTE	05	010	0580
050100100590	TAIBON AGORDINO	05	010	0590
050100100600	TAMBRE	05	010	0600
050100100615	VAL DI ZOLDO	05	010	0615
050100100620	VALLADA AGORDINA	05	010	0620
050100100630	VALLE DI CADORE	05	010	0630
050100100650	VIGO DI CADORE	05	010	0650
050100100660	VODO CADORE	05	010	0660
050100100670	VOLTAGO AGORDINO	05	010	0670
050100100690	ZOPPE' DI CADORE	05	010	0690
050540540010	ABANO TERME	05	054	0010
050540540020	AGNA	05	054	0020
050540540030	ALBIGNASEGO	05	054	0030
050540540040	ANGUILLARA VENETA	05	054	0040
050540540050	ARQUA' PETRARCA	05	054	0050
050540540060	ARRE	05	054	0060
050540540070	ARZERGRANDE	05	054	0070
050540540080	BAGNOLI DI SOPRA	05	054	0080
050540540090	BAONE	05	054	0090
050540540100	BARBONA	05	054	0100
050540540110	BATTAGLIA TERME	05	054	0110
050540540120	BOARA PISANI	05	054	0120
050540540125	BORGO VENETO	05	054	0125
050540540130	BORGORICCO	05	054	0130
050540540140	BOVOLENTA	05	054	0140
050540540150	BRUGINE	05	054	0150
050540540160	CADONEGHE	05	054	0160
050540540170	CAMPODARSEGO	05	054	0170
050540540180	CAMPODORO	05	054	0180
050540540190	CAMPOSAMPIERO	05	054	0190
050540540200	CAMPO SAN MARTINO	05	054	0200
050540540210	CANDIANA	05	054	0210
050540540220	CARCERI	05	054	0220
050540540230	CARMIGNANO DI BRENTA	05	054	0230
050540540260	CARTURA	05	054	0260
050540540270	CASALE DI SCODOSIA	05	054	0270
050540540280	CASALSERUGO	05	054	0280
050540540290	CASTELBALDO	05	054	0290
050540540300	CERVARESE SANTA CROCE	05	054	0300
050540540310	CINTO EUGANEO	05	054	0310
050540540320	CITTADELLA	05	054	0320
050540540330	CODEVIGO	05	054	0330
050540540340	CONSELVE	05	054	0340
050540540350	CORREZZOLA	05	054	0350
050540540360	CURTAROLO	05	054	0360
050540540361	DUE CARRARE	05	054	0361
050540540370	ESTE	05	054	0370
050540540380	FONTANIVA	05	054	0380
050540540390	GALLIERA VENETA	05	054	0390
050540540400	GALZIGNANO TERME	05	054	0400
050540540410	GAZZO	05	054	0410
050540540420	GRANTORTO	05	054	0420
050540540430	GRANZE	05	054	0430
050540540440	LEGNARO	05	054	0440
050540540450	LIMENA	05	054	0450
050540540460	LOREGGIA	05	054	0460
050540540470	LOZZO ATESTINO	05	054	0470
050540540480	MASERA' DI PADOVA	05	054	0480
050540540490	MASI	05	054	0490
050540540500	MASSANZAGO	05	054	0500
050540540520	MEGLIADINO SAN VITALE	05	054	0520
050540540530	MERLARA	05	054	0530
050540540540	MESTRINO	05	054	0540
050540540550	MONSELICE	05	054	0550
050540540560	MONTAGNANA	05	054	0560
050540540570	MONTEGROTTO TERME	05	054	0570
050540540580	NOVENTA PADOVANA	05	054	0580
050540540590	OSPEDALETTO EUGANEO	05	054	0590
050540540600	PADOVA	05	054	0600
050540540610	PERNUMIA	05	054	0610
050540540620	PIACENZA D'ADIGE	05	054	0620
050540540630	PIAZZOLA SUL BRENTA	05	054	0630
050540540640	PIOMBINO DESE	05	054	0640
050540540650	PIOVE DI SACCO	05	054	0650
050540540660	POLVERARA	05	054	0660
050540540670	PONSO	05	054	0670
050540540680	PONTELONGO	05	054	0680
050540540690	PONTE SAN NICOLO'	05	054	0690
050540540700	POZZONOVO	05	054	0700
050540540710	ROVOLON	05	054	0710
050540540720	RUBANO	05	054	0720
050540540730	SACCOLONGO	05	054	0730
050540540750	SAN GIORGIO DELLE PERTICHE	05	054	0750
050540540760	SAN GIORGIO IN BOSCO	05	054	0760
050540540770	SAN MARTINO DI LUPARI	05	054	0770
050540540780	SAN PIETRO IN GU	05	054	0780
050540540790	SAN PIETRO VIMINARIO	05	054	0790
050540540800	SANTA GIUSTINA IN COLLE	05	054	0800
050540540820	SANT'ANGELO DI PIOVE DI SACCO	05	054	0820
050540540830	SANT'ELENA	05	054	0830
050540540840	SANT'URBANO	05	054	0840
050540540850	SAONARA	05	054	0850
050540540860	SELVAZZANO DENTRO	05	054	0860
050540540870	SOLESINO	05	054	0870
050540540880	STANGHELLA	05	054	0880
050540540890	TEOLO	05	054	0890
050540540900	TERRASSA PADOVANA	05	054	0900
050540540910	TOMBOLO	05	054	0910
050540540920	TORREGLIA	05	054	0920
050540540930	TREBASELEGHE	05	054	0930
050540540940	TRIBANO	05	054	0940
050540540950	URBANA	05	054	0950
050540540960	VEGGIANO	05	054	0960
050540540970	VESCOVANA	05	054	0970
050540540980	VIGHIZZOLO D'ESTE	05	054	0980
050540540990	VIGODARZERE	05	054	0990
050540541000	VIGONZA	05	054	1000
050540541010	VILLA DEL CONTE	05	054	1010
050540541020	VILLA ESTENSE	05	054	1020
050540541030	VILLAFRANCA PADOVANA	05	054	1030
050540541040	VILLANOVA DI CAMPOSAMPIERO	05	054	1040
050540541050	VO'	05	054	1050
050710710010	ADRIA	05	071	0010
050710710020	ARIANO NEL POLESINE	05	071	0020
050710710030	ARQUA' POLESINE	05	071	0030
050710710040	BADIA POLESINE	05	071	0040
050710710050	BAGNOLO DI PO	05	071	0050
050710710060	BERGANTINO	05	071	0060
050710710070	BOSARO	05	071	0070
050710710080	CALTO	05	071	0080
050710710090	CANARO	05	071	0090
050710710100	CANDA	05	071	0100
050710710110	CASTELGUGLIELMO	05	071	0110
050710710120	CASTELMASSA	05	071	0120
050710710130	CASTELNOVO BARIANO	05	071	0130
050710710140	CENESELLI	05	071	0140
050710710150	CEREGNANO	05	071	0150
050710710170	CORBOLA	05	071	0170
050710710180	COSTA DI ROVIGO	05	071	0180
050710710190	CRESPINO	05	071	0190
050710710210	FICAROLO	05	071	0210
050710710220	FIESSO UMBERTIANO	05	071	0220
050710710230	FRASSINELLE POLESINE	05	071	0230
050710710240	FRATTA POLESINE	05	071	0240
050710710250	GAIBA	05	071	0250
050710710260	GAVELLO	05	071	0260
050710710270	GIACCIANO CON BARUCHELLA	05	071	0270
050710710280	GUARDA VENETA	05	071	0280
050710710290	LENDINARA	05	071	0290
050710710300	LOREO	05	071	0300
050710710310	LUSIA	05	071	0310
050710710320	MELARA	05	071	0320
050710710330	OCCHIOBELLO	05	071	0330
050710710340	PAPOZZE	05	071	0340
050710710350	PETTORAZZA GRIMANI	05	071	0350
050710710360	PINCARA	05	071	0360
050710710370	POLESELLA	05	071	0370
050710710380	PONTECCHIO POLESINE	05	071	0380
050710710390	PORTO TOLLE	05	071	0390
050710710391	PORTO VIRO	05	071	0391
050710710400	ROSOLINA	05	071	0400
050710710410	ROVIGO	05	071	0410
050710710420	SALARA	05	071	0420
050710710430	SAN BELLINO	05	071	0430
050710710440	SAN MARTINO DI VENEZZE	05	071	0440
050710710450	STIENTA	05	071	0450
050710710460	TAGLIO DI PO	05	071	0460
050710710470	TRECENTA	05	071	0470
050710710480	VILLADOSE	05	071	0480
050710710490	VILLAMARZANA	05	071	0490
050710710500	VILLANOVA DEL GHEBBO	05	071	0500
050710710510	VILLANOVA MARCHESANA	05	071	0510
050840840010	ALTIVOLE	05	084	0010
050840840020	ARCADE	05	084	0020
050840840030	ASOLO	05	084	0030
050840840040	BORSO DEL GRAPPA	05	084	0040
050840840050	BREDA DI PIAVE	05	084	0050
050840840060	CAERANO DI SAN MARCO	05	084	0060
050840840070	CAPPELLA MAGGIORE	05	084	0070
050840840080	CARBONERA	05	084	0080
050840840090	CASALE SUL SILE	05	084	0090
050840840100	CASIER	05	084	0100
050840840110	CASTELCUCCO	05	084	0110
050840840120	CASTELFRANCO VENETO	05	084	0120
050840840130	CASTELLO DI GODEGO	05	084	0130
050840840140	CAVASO DEL TOMBA	05	084	0140
050840840150	CESSALTO	05	084	0150
050840840160	CHIARANO	05	084	0160
050840840170	CIMADOLMO	05	084	0170
050840840180	CISON DI VALMARINO	05	084	0180
050840840190	CODOGNE'	05	084	0190
050840840200	COLLE UMBERTO	05	084	0200
050840840210	CONEGLIANO	05	084	0210
050840840220	CORDIGNANO	05	084	0220
050840840230	CORNUDA	05	084	0230
050840840250	CROCETTA DEL MONTELLO	05	084	0250
050840840260	FARRA DI SOLIGO	05	084	0260
050840840270	FOLLINA	05	084	0270
050840840280	FONTANELLE	05	084	0280
050840840290	FONTE	05	084	0290
050840840300	FREGONA	05	084	0300
050840840310	GAIARINE	05	084	0310
050840840311	GIAVERA DEL MONTELLO	05	084	0311
050840840320	GODEGA DI SANT'URBANO	05	084	0320
050840840330	GORGO AL MONTICANO	05	084	0330
050840840340	ISTRANA	05	084	0340
050840840350	LORIA	05	084	0350
050840840360	MANSUE'	05	084	0360
050840840370	MARENO DI PIAVE	05	084	0370
050840840380	MASER	05	084	0380
050840840390	MASERADA SUL PIAVE	05	084	0390
050840840400	MEDUNA DI LIVENZA	05	084	0400
050840840410	MIANE	05	084	0410
050840840420	MOGLIANO VENETO	05	084	0420
050840840430	MONASTIER DI TREVISO	05	084	0430
050840840440	MONFUMO	05	084	0440
050840840450	MONTEBELLUNA	05	084	0450
050840840460	MORGANO	05	084	0460
050840840470	MORIAGO DELLA BATTAGLIA	05	084	0470
050840840480	MOTTA DI LIVENZA	05	084	0480
050840840490	NERVESA DELLA BATTAGLIA	05	084	0490
050840840500	ODERZO	05	084	0500
050840840510	ORMELLE	05	084	0510
050840840520	ORSAGO	05	084	0520
050840840540	PAESE	05	084	0540
050840840550	PEDEROBBA	05	084	0550
050840840555	PIEVE DEL GRAPPA	05	084	0555
050840840560	PIEVE DI SOLIGO	05	084	0560
050840840570	PONTE DI PIAVE	05	084	0570
050840840580	PONZANO VENETO	05	084	0580
050840840590	PORTOBUFFOLE'	05	084	0590
050840840600	POSSAGNO	05	084	0600
050840840610	POVEGLIANO	05	084	0610
050840840620	PREGANZIOL	05	084	0620
050840840630	QUINTO DI TREVISO	05	084	0630
050840840640	REFRONTOLO	05	084	0640
050840840650	RESANA	05	084	0650
050840840660	REVINE LAGO	05	084	0660
050840840670	RIESE PIO X	05	084	0670
050840840680	RONCADE	05	084	0680
050840840690	SALGAREDA	05	084	0690
050840840700	SAN BIAGIO DI CALLALTA	05	084	0700
050840840710	SAN FIOR	05	084	0710
050840840720	SAN PIETRO DI FELETTO	05	084	0720
050840840730	SAN POLO DI PIAVE	05	084	0730
050840840740	SANTA LUCIA DI PIAVE	05	084	0740
050840840750	SAN VENDEMIANO	05	084	0750
050840840760	SAN ZENONE DEGLI EZZELINI	05	084	0760
050840840770	SARMEDE	05	084	0770
050840840780	SEGUSINO	05	084	0780
050840840790	SERNAGLIA DELLA BATTAGLIA	05	084	0790
050840840800	SILEA	05	084	0800
050840840810	SPRESIANO	05	084	0810
050840840820	SUSEGANA	05	084	0820
050840840830	TARZO	05	084	0830
050840840840	TREVIGNANO	05	084	0840
050840840850	TREVISO	05	084	0850
050840840860	VALDOBBIADENE	05	084	0860
050840840870	VAZZOLA	05	084	0870
050840840880	VEDELAGO	05	084	0880
050840840890	VIDOR	05	084	0890
050840840900	VILLORBA	05	084	0900
050840840910	VITTORIO VENETO	05	084	0910
050840840920	VOLPAGO DEL MONTELLO	05	084	0920
050840840930	ZENSON DI PIAVE	05	084	0930
050840840940	ZERO BRANCO	05	084	0940
050870870010	ANNONE VENETO	05	087	0010
050870870020	CAMPAGNA LUPIA	05	087	0020
050870870030	CAMPOLONGO MAGGIORE	05	087	0030
050870870040	CAMPONOGARA	05	087	0040
050870870050	CAORLE	05	087	0050
050870870054	CAVALLINO-TREPORTI	05	087	0054
050870870060	CAVARZERE	05	087	0060
050870870070	CEGGIA	05	087	0070
050870870080	CHIOGGIA	05	087	0080
050870870090	CINTO CAOMAGGIORE	05	087	0090
050870870100	CONA	05	087	0100
050870870110	CONCORDIA SAGITTARIA	05	087	0110
050870870120	DOLO	05	087	0120
050870870130	ERACLEA	05	087	0130
050870870140	FIESSO D'ARTICO	05	087	0140
050870870150	FOSSALTA DI PIAVE	05	087	0150
050870870160	FOSSALTA DI PORTOGRUARO	05	087	0160
050870870170	FOSSO'	05	087	0170
050870870180	GRUARO	05	087	0180
050870870190	JESOLO	05	087	0190
050870870200	MARCON	05	087	0200
050870870210	MARTELLAGO	05	087	0210
050870870220	MEOLO	05	087	0220
050870870230	MIRA	05	087	0230
050870870240	MIRANO	05	087	0240
050870870250	MUSILE DI PIAVE	05	087	0250
050870870260	NOALE	05	087	0260
050870870270	NOVENTA DI PIAVE	05	087	0270
050870870280	PIANIGA	05	087	0280
050870870290	PORTOGRUARO	05	087	0290
050870870300	PRAMAGGIORE	05	087	0300
050870870310	QUARTO D'ALTINO	05	087	0310
050870870320	SALZANO	05	087	0320
050870870330	SAN DONA' DI PIAVE	05	087	0330
050870870340	SAN MICHELE AL TAGLIAMENTO	05	087	0340
050870870350	SANTA MARIA DI SALA	05	087	0350
050870870360	SAN STINO DI LIVENZA	05	087	0360
050870870370	SCORZE'	05	087	0370
050870870380	SPINEA	05	087	0380
050870870390	STRA	05	087	0390
050870870400	TEGLIO VENETO	05	087	0400
050870870410	TORRE DI MOSTO	05	087	0410
050870870420	VENEZIA	05	087	0420
050870870430	VIGONOVO	05	087	0430
050890890010	AFFI	05	089	0010
050890890020	ALBAREDO D'ADIGE	05	089	0020
050890890030	ANGIARI	05	089	0030
050890890040	ARCOLE	05	089	0040
050890890050	BADIA CALAVENA	05	089	0050
050890890060	BARDOLINO	05	089	0060
050890890070	BELFIORE	05	089	0070
050890890080	BEVILACQUA	05	089	0080
050890890090	BONAVIGO	05	089	0090
050890890100	BOSCHI SANT'ANNA	05	089	0100
050890890110	BOSCO CHIESANUOVA	05	089	0110
050890890120	BOVOLONE	05	089	0120
050890890130	BRENTINO BELLUNO	05	089	0130
050890890140	BRENZONE SUL GARDA	05	089	0140
050890890150	BUSSOLENGO	05	089	0150
050890890160	BUTTAPIETRA	05	089	0160
050890890170	CALDIERO	05	089	0170
050890890180	CAPRINO VERONESE	05	089	0180
050890890190	CASALEONE	05	089	0190
050890890200	CASTAGNARO	05	089	0200
050890890210	CASTEL D'AZZANO	05	089	0210
050890890220	CASTELNUOVO DEL GARDA	05	089	0220
050890890230	CAVAION VERONESE	05	089	0230
050890890240	CAZZANO DI TRAMIGNA	05	089	0240
050890890250	CEREA	05	089	0250
050890890260	CERRO VERONESE	05	089	0260
050890890270	COLOGNA VENETA	05	089	0270
050890890280	COLOGNOLA AI COLLI	05	089	0280
050890890290	CONCAMARISE	05	089	0290
050890890300	COSTERMANO SUL GARDA	05	089	0300
050890890310	DOLCE'	05	089	0310
050890890320	ERBE'	05	089	0320
050890890330	ERBEZZO	05	089	0330
050890890340	FERRARA DI MONTE BALDO	05	089	0340
050890890350	FUMANE	05	089	0350
050890890360	GARDA	05	089	0360
050890890370	GAZZO VERONESE	05	089	0370
050890890380	GREZZANA	05	089	0380
050890890390	ILLASI	05	089	0390
050890890400	ISOLA DELLA SCALA	05	089	0400
050890890410	ISOLA RIZZA	05	089	0410
050890890420	LAVAGNO	05	089	0420
050890890430	LAZISE	05	089	0430
050890890440	LEGNAGO	05	089	0440
050890890450	MALCESINE	05	089	0450
050890890460	MARANO DI VALPOLICELLA	05	089	0460
050890890470	MEZZANE DI SOTTO	05	089	0470
050890890480	MINERBE	05	089	0480
050890890490	MONTECCHIA DI CROSARA	05	089	0490
050890890500	MONTEFORTE D'ALPONE	05	089	0500
050890890510	MOZZECANE	05	089	0510
050890890520	NEGRAR DI VALPOLICELLA	05	089	0520
050890890530	NOGARA	05	089	0530
050890890540	NOGAROLE ROCCA	05	089	0540
050890890550	OPPEANO	05	089	0550
050890890551	PALU'	05	089	0551
050890890560	PASTRENGO	05	089	0560
050890890570	PESCANTINA	05	089	0570
050890890580	PESCHIERA DEL GARDA	05	089	0580
050890890590	POVEGLIANO VERONESE	05	089	0590
050890890600	PRESSANA	05	089	0600
050890890610	RIVOLI VERONESE	05	089	0610
050890890620	RONCA'	05	089	0620
050890890630	RONCO ALL'ADIGE	05	089	0630
050890890640	ROVERCHIARA	05	089	0640
050890890650	ROVEREDO DI GUA'	05	089	0650
050890890660	ROVERE' VERONESE	05	089	0660
050890890670	SALIZZOLE	05	089	0670
050890890680	SAN BONIFACIO	05	089	0680
050890890690	SAN GIOVANNI ILARIONE	05	089	0690
050890890700	SAN GIOVANNI LUPATOTO	05	089	0700
050890890710	SANGUINETTO	05	089	0710
050890890720	SAN MARTINO BUON ALBERGO	05	089	0720
050890890730	SAN MAURO DI SALINE	05	089	0730
050890890740	SAN PIETRO DI MORUBIO	05	089	0740
050890890750	SAN PIETRO IN CARIANO	05	089	0750
050890890760	SANT'AMBROGIO DI VALPOLICELLA	05	089	0760
050890890770	SANT'ANNA D'ALFAEDO	05	089	0770
050890890780	SAN ZENO DI MONTAGNA	05	089	0780
050890890790	SELVA DI PROGNO	05	089	0790
050890890800	SOAVE	05	089	0800
050890890810	SOMMACAMPAGNA	05	089	0810
050890890820	SONA	05	089	0820
050890890830	SORGA'	05	089	0830
050890890840	TERRAZZO	05	089	0840
050890890850	TORRI DEL BENACO	05	089	0850
050890890860	TREGNAGO	05	089	0860
050890890870	TREVENZUOLO	05	089	0870
050890890880	VALEGGIO SUL MINCIO	05	089	0880
050890890890	VELO VERONESE	05	089	0890
050890890900	VERONA	05	089	0900
050890890910	VERONELLA	05	089	0910
050890890920	VESTENANOVA	05	089	0920
050890890930	VIGASIO	05	089	0930
050890890940	VILLA BARTOLOMEA	05	089	0940
050890890950	VILLAFRANCA DI VERONA	05	089	0950
050890890960	ZEVIO	05	089	0960
050890890970	ZIMELLA	05	089	0970
050900900010	AGUGLIARO	05	090	0010
050900900020	ALBETTONE	05	090	0020
050900900030	ALONTE	05	090	0030
050900900040	ALTAVILLA VICENTINA	05	090	0040
050900900050	ALTISSIMO	05	090	0050
050900900060	ARCUGNANO	05	090	0060
050900900070	ARSIERO	05	090	0070
050900900080	ARZIGNANO	05	090	0080
050900900090	ASIAGO	05	090	0090
050900900100	ASIGLIANO VENETO	05	090	0100
050900900112	BARBARANO MOSSANO	05	090	0112
050900900120	BASSANO DEL GRAPPA	05	090	0120
050900900130	BOLZANO VICENTINO	05	090	0130
050900900140	BREGANZE	05	090	0140
050900900150	BRENDOLA	05	090	0150
050900900160	BRESSANVIDO	05	090	0160
050900900170	BROGLIANO	05	090	0170
050900900180	CALDOGNO	05	090	0180
050900900190	CALTRANO	05	090	0190
050900900200	CALVENE	05	090	0200
050900900210	CAMISANO VICENTINO	05	090	0210
050900900220	CAMPIGLIA DEI BERICI	05	090	0220
050900900240	CARRE'	05	090	0240
050900900250	CARTIGLIANO	05	090	0250
050900900260	CASSOLA	05	090	0260
050900900270	CASTEGNERO	05	090	0270
050900900280	CASTELGOMBERTO	05	090	0280
050900900290	CHIAMPO	05	090	0290
050900900300	CHIUPPANO	05	090	0300
050900900320	COGOLLO DEL CENGIO	05	090	0320
050900900325	COLCERESA	05	090	0325
050900900340	CORNEDO VICENTINO	05	090	0340
050900900350	COSTABISSARA	05	090	0350
050900900360	CREAZZO	05	090	0360
050900900370	CRESPADORO	05	090	0370
050900900380	DUEVILLE	05	090	0380
050900900390	ENEGO	05	090	0390
050900900400	FARA VICENTINO	05	090	0400
050900900410	FOZA	05	090	0410
050900900420	GALLIO	05	090	0420
050900900430	GAMBELLARA	05	090	0430
050900900440	GAMBUGLIANO	05	090	0440
050900900460	GRISIGNANO DI ZOCCO	05	090	0460
050900900470	GRUMOLO DELLE ABBADESSE	05	090	0470
050900900480	ISOLA VICENTINA	05	090	0480
050900900490	LAGHI	05	090	0490
050900900500	LASTEBASSE	05	090	0500
050900900510	LONGARE	05	090	0510
050900900520	LONIGO	05	090	0520
050900900530	LUGO DI VICENZA	05	090	0530
050900900541	LUSIANA CONCO	05	090	0541
050900900550	MALO	05	090	0550
050900900560	MARANO VICENTINO	05	090	0560
050900900570	MAROSTICA	05	090	0570
050900900600	MONTEBELLO VICENTINO	05	090	0600
050900900610	MONTECCHIO MAGGIORE	05	090	0610
050900900620	MONTECCHIO PRECALCINO	05	090	0620
050900900630	MONTE DI MALO	05	090	0630
050900900640	MONTEGALDA	05	090	0640
050900900650	MONTEGALDELLA	05	090	0650
050900900660	MONTEVIALE	05	090	0660
050900900670	MONTICELLO CONTE OTTO	05	090	0670
050900900680	MONTORSO VICENTINO	05	090	0680
050900900700	MUSSOLENTE	05	090	0700
050900900710	NANTO	05	090	0710
050900900720	NOGAROLE VICENTINO	05	090	0720
050900900730	NOVE	05	090	0730
050900900740	NOVENTA VICENTINA	05	090	0740
050900900750	ORGIANO	05	090	0750
050900900760	PEDEMONTE	05	090	0760
050900900770	PIANEZZE	05	090	0770
050900900780	PIOVENE ROCCHETTE	05	090	0780
050900900790	POJANA MAGGIORE	05	090	0790
050900900800	POSINA	05	090	0800
050900900810	POVE DEL GRAPPA	05	090	0810
050900900820	POZZOLEONE	05	090	0820
050900900830	QUINTO VICENTINO	05	090	0830
050900900840	RECOARO TERME	05	090	0840
050900900850	ROANA	05	090	0850
050900900860	ROMANO D'EZZELINO	05	090	0860
050900900870	ROSA'	05	090	0870
050900900880	ROSSANO VENETO	05	090	0880
050900900890	ROTZO	05	090	0890
050900900900	SALCEDO	05	090	0900
050900900910	SANDRIGO	05	090	0910
050900900940	SAN PIETRO MUSSOLINO	05	090	0940
050900900950	SANTORSO	05	090	0950
050900900960	SAN VITO DI LEGUZZANO	05	090	0960
050900900970	SARCEDO	05	090	0970
050900900980	SAREGO	05	090	0980
050900900990	SCHIAVON	05	090	0990
050900901000	SCHIO	05	090	1000
050900901010	SOLAGNA	05	090	1010
050900901020	SOSSANO	05	090	1020
050900901030	SOVIZZO	05	090	1030
050900901040	TEZZE SUL BRENTA	05	090	1040
050900901050	THIENE	05	090	1050
050900901060	TONEZZA DEL CIMONE	05	090	1060
050900901070	TORREBELVICINO	05	090	1070
050900901080	TORRI DI QUARTESOLO	05	090	1080
050900901100	TRISSINO	05	090	1100
050900901105	VAL LIONA	05	090	1105
050900901108	VALBRENTA	05	090	1108
050900901110	VALDAGNO	05	090	1110
050900901120	VALDASTICO	05	090	1120
050900901130	VALLI DEL PASUBIO	05	090	1130
050900901150	VELO D'ASTICO	05	090	1150
050900901160	VICENZA	05	090	1160
050900901170	VILLAGA	05	090	1170
050900901180	VILLAVERLA	05	090	1180
050900901190	ZANE'	05	090	1190
050900901200	ZERMEGHEDO	05	090	1200
050900901210	ZOVENCEDO	05	090	1210
050900901220	ZUGLIANO	05	090	1220
070340340010	ARENZANO	07	034	0010
070340340020	AVEGNO	07	034	0020
070340340030	BARGAGLI	07	034	0030
070340340040	BOGLIASCO	07	034	0040
070340340050	BORZONASCA	07	034	0050
070340340060	BUSALLA	07	034	0060
070340340070	CAMOGLI	07	034	0070
070340340080	CAMPO LIGURE	07	034	0080
070340340090	CAMPOMORONE	07	034	0090
070340340100	CARASCO	07	034	0100
070340340110	CASARZA LIGURE	07	034	0110
070340340120	CASELLA	07	034	0120
070340340130	CASTIGLIONE CHIAVARESE	07	034	0130
070340340140	CERANESI	07	034	0140
070340340150	CHIAVARI	07	034	0150
070340340160	CICAGNA	07	034	0160
070340340170	COGOLETO	07	034	0170
070340340180	COGORNO	07	034	0180
070340340190	COREGLIA LIGURE	07	034	0190
070340340200	CROCEFIESCHI	07	034	0200
070340340210	DAVAGNA	07	034	0210
070340340220	FASCIA	07	034	0220
070340340230	FAVALE DI MALVARO	07	034	0230
070340340240	FONTANIGORDA	07	034	0240
070340340250	GENOVA	07	034	0250
070340340260	GORRETO	07	034	0260
070340340270	ISOLA DEL CANTONE	07	034	0270
070340340280	LAVAGNA	07	034	0280
070340340290	LEIVI	07	034	0290
070340340300	LORSICA	07	034	0300
070340340310	LUMARZO	07	034	0310
070340340320	MASONE	07	034	0320
070340340330	MELE	07	034	0330
070340340340	MEZZANEGO	07	034	0340
070340340350	MIGNANEGO	07	034	0350
070340340360	MOCONESI	07	034	0360
070340340370	MONEGLIA	07	034	0370
070340340380	MONTEBRUNO	07	034	0380
070340340390	MONTOGGIO	07	034	0390
070340340400	NE	07	034	0400
070340340410	NEIRONE	07	034	0410
070340340420	ORERO	07	034	0420
070340340430	PIEVE LIGURE	07	034	0430
070340340440	PORTOFINO	07	034	0440
070340340450	PROPATA	07	034	0450
070340340460	RAPALLO	07	034	0460
070340340470	RECCO	07	034	0470
070340340480	REZZOAGLIO	07	034	0480
070340340490	RONCO SCRIVIA	07	034	0490
070340340500	RONDANINA	07	034	0500
070340340510	ROSSIGLIONE	07	034	0510
070340340520	ROVEGNO	07	034	0520
070340340530	SAN COLOMBANO CERTENOLI	07	034	0530
070340340540	SANTA MARGHERITA LIGURE	07	034	0540
070340340550	SANT'OLCESE	07	034	0550
070340340560	SANTO STEFANO D'AVETO	07	034	0560
070340340570	SAVIGNONE	07	034	0570
070340340580	SERRA RICCO'	07	034	0580
070340340590	SESTRI LEVANTE	07	034	0590
070340340600	SORI	07	034	0600
070340340610	TIGLIETO	07	034	0610
070340340620	TORRIGLIA	07	034	0620
070340340630	TRIBOGNA	07	034	0630
070340340640	USCIO	07	034	0640
070340340650	VALBREVENNA	07	034	0650
070340340660	VOBBIA	07	034	0660
070340340670	ZOAGLI	07	034	0670
070370370010	AIROLE	07	037	0010
070370370020	APRICALE	07	037	0020
070370370030	AQUILA D'ARROSCIA	07	037	0030
070370370040	ARMO	07	037	0040
070370370041	AURIGO	07	037	0041
070370370050	BADALUCCO	07	037	0050
070370370060	BAJARDO	07	037	0060
070370370070	BORDIGHERA	07	037	0070
070370370080	BORGHETTO D'ARROSCIA	07	037	0080
070370370090	BORGOMARO	07	037	0090
070370370100	CAMPOROSSO	07	037	0100
070370370110	CARAVONICA	07	037	0110
070370370130	CASTELLARO	07	037	0130
070370370140	CASTEL VITTORIO	07	037	0140
070370370150	CERIANA	07	037	0150
070370370160	CERVO	07	037	0160
070370370170	CESIO	07	037	0170
070370370180	CHIUSANICO	07	037	0180
070370370190	CHIUSAVECCHIA	07	037	0190
070370370200	CIPRESSA	07	037	0200
070370370210	CIVEZZA	07	037	0210
070370370220	COSIO D'ARROSCIA	07	037	0220
070370370221	COSTARAINERA	07	037	0221
070370370230	DIANO ARENTINO	07	037	0230
070370370240	DIANO CASTELLO	07	037	0240
070370370250	DIANO MARINA	07	037	0250
070370370260	DIANO SAN PIETRO	07	037	0260
070370370270	DOLCEACQUA	07	037	0270
070370370280	DOLCEDO	07	037	0280
070370370290	IMPERIA	07	037	0290
070370370300	ISOLABONA	07	037	0300
070370370301	LUCINASCO	07	037	0301
070370370310	MENDATICA	07	037	0310
070370370320	MOLINI DI TRIORA	07	037	0320
070370370325	MONTALTO CARPASIO	07	037	0325
070370370340	MONTEGROSSO PIAN LATTE	07	037	0340
070370370350	OLIVETTA SAN MICHELE	07	037	0350
070370370360	OSPEDALETTI	07	037	0360
070370370370	PERINALDO	07	037	0370
070370370380	PIETRABRUNA	07	037	0380
070370370390	PIEVE DI TECO	07	037	0390
070370370400	PIGNA	07	037	0400
070370370410	POMPEIANA	07	037	0410
070370370420	PONTEDASSIO	07	037	0420
070370370430	PORNASSIO	07	037	0430
070370370440	PRELA'	07	037	0440
070370370450	RANZO	07	037	0450
070370370460	REZZO	07	037	0460
070370370461	RIVA LIGURE	07	037	0461
070370370480	ROCCHETTA NERVINA	07	037	0480
070370370490	SAN BARTOLOMEO AL MARE	07	037	0490
070370370500	SAN BIAGIO DELLA CIMA	07	037	0500
070370370510	SAN LORENZO AL MARE	07	037	0510
070370370520	SANREMO	07	037	0520
070370370521	SANTO STEFANO AL MARE	07	037	0521
070370370530	SEBORGA	07	037	0530
070370370540	SOLDANO	07	037	0540
070370370550	TAGGIA	07	037	0550
070370370560	TERZORIO	07	037	0560
070370370570	TRIORA	07	037	0570
070370370580	VALLEBONA	07	037	0580
070370370590	VALLECROSIA	07	037	0590
070370370600	VASIA	07	037	0600
070370370610	VENTIMIGLIA	07	037	0610
070370370620	VESSALICO	07	037	0620
070370370630	VILLA FARALDI	07	037	0630
070390390010	AMEGLIA	07	039	0010
070390390020	ARCOLA	07	039	0020
070390390030	BEVERINO	07	039	0030
070390390040	BOLANO	07	039	0040
070390390050	BONASSOLA	07	039	0050
070390390060	BORGHETTO DI VARA	07	039	0060
070390390070	BRUGNATO	07	039	0070
070390390080	CALICE AL CORNOVIGLIO	07	039	0080
070390390090	CARRO	07	039	0090
070390390100	CARRODANO	07	039	0100
070390390110	CASTELNUOVO MAGRA	07	039	0110
070390390120	DEIVA MARINA	07	039	0120
070390390130	FOLLO	07	039	0130
070390390140	FRAMURA	07	039	0140
070390390150	LA SPEZIA	07	039	0150
070390390160	LERICI	07	039	0160
070390390170	LEVANTO	07	039	0170
070390390180	MAISSANA	07	039	0180
070390390190	MONTEROSSO AL MARE	07	039	0190
070390390200	LUNI	07	039	0200
070390390210	PIGNONE	07	039	0210
070390390220	PORTOVENERE	07	039	0220
070390390230	RICCO' DEL GOLFO DI SPEZIA	07	039	0230
070390390240	RIOMAGGIORE	07	039	0240
070390390250	ROCCHETTA DI VARA	07	039	0250
070390390260	SANTO STEFANO DI MAGRA	07	039	0260
070390390270	SARZANA	07	039	0270
070390390280	SESTA GODANO	07	039	0280
070390390290	VARESE LIGURE	07	039	0290
070390390300	VERNAZZA	07	039	0300
070390390310	VEZZANO LIGURE	07	039	0310
070390390320	ZIGNAGO	07	039	0320
070740740010	ALASSIO	07	074	0010
070740740020	ALBENGA	07	074	0020
070740740030	ALBISSOLA MARINA	07	074	0030
070740740040	ALBISOLA SUPERIORE	07	074	0040
070740740050	ALTARE	07	074	0050
070740740060	ANDORA	07	074	0060
070740740070	ARNASCO	07	074	0070
070740740080	BALESTRINO	07	074	0080
070740740090	BARDINETO	07	074	0090
070740740100	BERGEGGI	07	074	0100
070740740110	BOISSANO	07	074	0110
070740740120	BORGHETTO SANTO SPIRITO	07	074	0120
070740740130	BORGIO VEREZZI	07	074	0130
070740740140	BORMIDA	07	074	0140
070740740150	CAIRO MONTENOTTE	07	074	0150
070740740160	CALICE LIGURE	07	074	0160
070740740170	CALIZZANO	07	074	0170
070740740180	CARCARE	07	074	0180
070740740190	CASANOVA LERRONE	07	074	0190
070740740200	CASTELBIANCO	07	074	0200
070740740210	CASTELVECCHIO DI ROCCA BARBENA	07	074	0210
070740740220	CELLE LIGURE	07	074	0220
070740740230	CENGIO	07	074	0230
070740740240	CERIALE	07	074	0240
070740740250	CISANO SUL NEVA	07	074	0250
070740740260	COSSERIA	07	074	0260
070740740270	DEGO	07	074	0270
070740740280	ERLI	07	074	0280
070740740290	FINALE LIGURE	07	074	0290
070740740300	GARLENDA	07	074	0300
070740740310	GIUSTENICE	07	074	0310
070740740320	GIUSVALLA	07	074	0320
070740740330	LAIGUEGLIA	07	074	0330
070740740340	LOANO	07	074	0340
070740740350	MAGLIOLO	07	074	0350
070740740360	MALLARE	07	074	0360
070740740370	MASSIMINO	07	074	0370
070740740380	MILLESIMO	07	074	0380
070740740390	MIOGLIA	07	074	0390
070740740400	MURIALDO	07	074	0400
070740740410	NASINO	07	074	0410
070740740420	NOLI	07	074	0420
070740740430	ONZO	07	074	0430
070740740440	ORCO FEGLINO	07	074	0440
070740740450	ORTOVERO	07	074	0450
070740740460	OSIGLIA	07	074	0460
070740740470	PALLARE	07	074	0470
070740740480	PIANA CRIXIA	07	074	0480
070740740490	PIETRA LIGURE	07	074	0490
070740740500	PLODIO	07	074	0500
070740740510	PONTINVREA	07	074	0510
070740740520	QUILIANO	07	074	0520
070740740530	RIALTO	07	074	0530
070740740540	ROCCAVIGNALE	07	074	0540
070740740550	SASSELLO	07	074	0550
070740740560	SAVONA	07	074	0560
070740740570	SPOTORNO	07	074	0570
070740740580	STELLA	07	074	0580
070740740590	STELLANELLO	07	074	0590
070740740600	TESTICO	07	074	0600
070740740610	TOIRANO	07	074	0610
070740740620	TOVO SAN GIACOMO	07	074	0620
070740740630	URBE	07	074	0630
070740740640	VADO LIGURE	07	074	0640
070740740650	VARAZZE	07	074	0650
070740740660	VENDONE	07	074	0660
070740740670	VEZZI PORTIO	07	074	0670
070740740680	VILLANOVA D'ALBENGA	07	074	0680
070740740690	ZUCCARELLO	07	074	0690
150080080010	AIELLO DEL SABATO	15	008	0010
150080080020	ALTAVILLA IRPINA	15	008	0020
150080080030	ANDRETTA	15	008	0030
150080080040	AQUILONIA	15	008	0040
150080080050	ARIANO IRPINO	15	008	0050
150080080060	ATRIPALDA	15	008	0060
150080080070	AVELLA	15	008	0070
150080080080	AVELLINO	15	008	0080
150080080090	BAGNOLI IRPINO	15	008	0090
150080080100	BAIANO	15	008	0100
150080080110	BISACCIA	15	008	0110
150080080120	BONITO	15	008	0120
150080080130	CAIRANO	15	008	0130
150080080140	CALABRITTO	15	008	0140
150080080150	CALITRI	15	008	0150
150080080160	CANDIDA	15	008	0160
150080080170	CAPOSELE	15	008	0170
150080080180	CAPRIGLIA IRPINA	15	008	0180
150080080190	CARIFE	15	008	0190
150080080200	CASALBORE	15	008	0200
150080080210	CASSANO IRPINO	15	008	0210
150080080220	CASTEL BARONIA	15	008	0220
150080080230	CASTELFRANCI	15	008	0230
150080080240	CASTELVETERE SUL CALORE	15	008	0240
150080080250	CERVINARA	15	008	0250
150080080260	CESINALI	15	008	0260
150080080270	CHIANCHE	15	008	0270
150080080280	CHIUSANO DI SAN DOMENICO	15	008	0280
150080080290	CONTRADA	15	008	0290
150080080300	CONZA DELLA CAMPANIA	15	008	0300
150080080310	DOMICELLA	15	008	0310
150080080320	FLUMERI	15	008	0320
150080080330	FONTANAROSA	15	008	0330
150080080340	FORINO	15	008	0340
150080080350	FRIGENTO	15	008	0350
150080080360	GESUALDO	15	008	0360
150080080370	GRECI	15	008	0370
150080080380	GROTTAMINARDA	15	008	0380
150080080390	GROTTOLELLA	15	008	0390
150080080400	GUARDIA LOMBARDI	15	008	0400
150080080410	LACEDONIA	15	008	0410
150080080420	LAPIO	15	008	0420
150080080430	LAURO	15	008	0430
150080080440	LIONI	15	008	0440
150080080450	LUOGOSANO	15	008	0450
150080080460	MANOCALZATI	15	008	0460
150080080470	MARZANO DI NOLA	15	008	0470
150080080480	MELITO IRPINO	15	008	0480
150080080490	MERCOGLIANO	15	008	0490
150080080500	MIRABELLA ECLANO	15	008	0500
150080080510	MONTAGUTO	15	008	0510
150080080520	MONTECALVO IRPINO	15	008	0520
150080080530	MONTEFALCIONE	15	008	0530
150080080540	MONTEFORTE IRPINO	15	008	0540
150080080550	MONTEFREDANE	15	008	0550
150080080560	MONTEFUSCO	15	008	0560
150080080570	MONTELLA	15	008	0570
150080080580	MONTEMARANO	15	008	0580
150080080590	MONTEMILETTO	15	008	0590
150080080600	MONTEVERDE	15	008	0600
150080080605	MONTORO	15	008	0605
150080080630	MORRA DE SANCTIS	15	008	0630
150080080631	MOSCHIANO	15	008	0631
150080080640	MUGNANO DEL CARDINALE	15	008	0640
150080080650	NUSCO	15	008	0650
150080080660	OSPEDALETTO D'ALPINOLO	15	008	0660
150080080670	PAGO DEL VALLO DI LAURO	15	008	0670
150080080680	PAROLISE	15	008	0680
150080080690	PATERNOPOLI	15	008	0690
150080080700	PETRURO IRPINO	15	008	0700
150080080710	PIETRADEFUSI	15	008	0710
150080080720	PIETRASTORNINA	15	008	0720
150080080730	PRATA DI PRINCIPATO ULTRA	15	008	0730
150080080740	PRATOLA SERRA	15	008	0740
150080080750	QUADRELLE	15	008	0750
150080080760	QUINDICI	15	008	0760
150080080770	ROCCABASCERANA	15	008	0770
150080080780	ROCCA SAN FELICE	15	008	0780
150080080790	ROTONDI	15	008	0790
150080080800	SALZA IRPINA	15	008	0800
150080080810	SAN MANGO SUL CALORE	15	008	0810
150080080820	SAN MARTINO VALLE CAUDINA	15	008	0820
150080080830	SAN MICHELE DI SERINO	15	008	0830
150080080840	SAN NICOLA BARONIA	15	008	0840
150080080850	SAN POTITO ULTRA	15	008	0850
150080080860	SAN SOSSIO BARONIA	15	008	0860
150080080870	SANTA LUCIA DI SERINO	15	008	0870
150080080880	SANT'ANDREA DI CONZA	15	008	0880
150080080890	SANT'ANGELO ALL'ESCA	15	008	0890
150080080900	SANT'ANGELO A SCALA	15	008	0900
150080080910	SANT'ANGELO DEI LOMBARDI	15	008	0910
150080080920	SANTA PAOLINA	15	008	0920
150080080940	SANTO STEFANO DEL SOLE	15	008	0940
150080080950	SAVIGNANO IRPINO	15	008	0950
150080080960	SCAMPITELLA	15	008	0960
150080080970	SENERCHIA	15	008	0970
150080080980	SERINO	15	008	0980
150080080990	SIRIGNANO	15	008	0990
150080081000	SOLOFRA	15	008	1000
150080081010	SORBO SERPICO	15	008	1010
150080081020	SPERONE	15	008	1020
150080081030	STURNO	15	008	1030
150080081040	SUMMONTE	15	008	1040
150080081050	TAURANO	15	008	1050
150080081060	TAURASI	15	008	1060
150080081070	TEORA	15	008	1070
150080081080	TORELLA DEI LOMBARDI	15	008	1080
150080081090	TORRE LE NOCELLE	15	008	1090
150080081100	TORRIONI	15	008	1100
150080081110	TREVICO	15	008	1110
150080081120	TUFO	15	008	1120
150080081130	VALLATA	15	008	1130
150080081131	VALLESACCARDA	15	008	1131
150080081140	VENTICANO	15	008	1140
150080081150	VILLAMAINA	15	008	1150
150080081160	VILLANOVA DEL BATTISTA	15	008	1160
150080081170	VOLTURARA IRPINA	15	008	1170
150080081180	ZUNGOLI	15	008	1180
150110110010	AIROLA	15	011	0010
150110110020	AMOROSI	15	011	0020
150110110030	APICE	15	011	0030
150110110040	APOLLOSA	15	011	0040
150110110050	ARPAIA	15	011	0050
150110110060	ARPAISE	15	011	0060
150110110070	BASELICE	15	011	0070
150110110080	BENEVENTO	15	011	0080
150110110090	BONEA	15	011	0090
150110110100	BUCCIANO	15	011	0100
150110110110	BUONALBERGO	15	011	0110
150110110120	CALVI	15	011	0120
150110110130	CAMPOLATTARO	15	011	0130
150110110140	CAMPOLI DEL MONTE TABURNO	15	011	0140
150110110150	CASALDUNI	15	011	0150
150110110160	CASTELFRANCO IN MISCANO	15	011	0160
150110110170	CASTELPAGANO	15	011	0170
150110110180	CASTELPOTO	15	011	0180
150110110190	CASTELVENERE	15	011	0190
150110110200	CASTELVETERE IN VAL FORTORE	15	011	0200
150110110210	CAUTANO	15	011	0210
150110110220	CEPPALONI	15	011	0220
150110110230	CERRETO SANNITA	15	011	0230
150110110240	CIRCELLO	15	011	0240
150110110250	COLLE SANNITA	15	011	0250
150110110260	CUSANO MUTRI	15	011	0260
150110110261	DUGENTA	15	011	0261
150110110270	DURAZZANO	15	011	0270
150110110280	FAICCHIO	15	011	0280
150110110290	FOGLIANISE	15	011	0290
150110110300	FOIANO DI VAL FORTORE	15	011	0300
150110110310	FORCHIA	15	011	0310
150110110320	FRAGNETO L'ABATE	15	011	0320
150110110330	FRAGNETO MONFORTE	15	011	0330
150110110340	FRASSO TELESINO	15	011	0340
150110110350	GINESTRA DEGLI SCHIAVONI	15	011	0350
150110110360	GUARDIA SANFRAMONDI	15	011	0360
150110110370	LIMATOLA	15	011	0370
150110110380	MELIZZANO	15	011	0380
150110110390	MOIANO	15	011	0390
150110110400	MOLINARA	15	011	0400
150110110410	MONTEFALCONE DI VAL FORTORE	15	011	0410
150110110420	MONTESARCHIO	15	011	0420
150110110430	MORCONE	15	011	0430
150110110440	PADULI	15	011	0440
150110110450	PAGO VEIANO	15	011	0450
150110110460	PANNARANO	15	011	0460
150110110470	PAOLISI	15	011	0470
150110110480	PAUPISI	15	011	0480
150110110490	PESCO SANNITA	15	011	0490
150110110500	PIETRAROJA	15	011	0500
150110110510	PIETRELCINA	15	011	0510
150110110520	PONTE	15	011	0520
150110110530	PONTELANDOLFO	15	011	0530
150110110540	PUGLIANELLO	15	011	0540
150110110550	REINO	15	011	0550
150110110560	SAN BARTOLOMEO IN GALDO	15	011	0560
150110110570	SAN GIORGIO DEL SANNIO	15	011	0570
150110110580	SAN GIORGIO LA MOLARA	15	011	0580
150110110590	SAN LEUCIO DEL SANNIO	15	011	0590
150110110600	SAN LORENZELLO	15	011	0600
150110110610	SAN LORENZO MAGGIORE	15	011	0610
150110110620	SAN LUPO	15	011	0620
150110110630	SAN MARCO DEI CAVOTI	15	011	0630
150110110640	SAN MARTINO SANNITA	15	011	0640
150110110641	SAN NAZZARO	15	011	0641
150110110650	SAN NICOLA MANFREDI	15	011	0650
150110110660	SAN SALVATORE TELESINO	15	011	0660
150110110670	SANTA CROCE DEL SANNIO	15	011	0670
150110110680	SANT'AGATA DE' GOTI	15	011	0680
150110110690	SANT'ANGELO A CUPOLO	15	011	0690
150110110691	SANT'ARCANGELO TRIMONTE	15	011	0691
150110110700	SASSINORO	15	011	0700
150110110710	SOLOPACA	15	011	0710
150110110720	TELESE TERME	15	011	0720
150110110730	TOCCO CAUDIO	15	011	0730
150110110740	TORRECUSO	15	011	0740
150110110750	VITULANO	15	011	0750
150200200010	AILANO	15	020	0010
150200200020	ALIFE	15	020	0020
150200200030	ALVIGNANO	15	020	0030
150200200040	ARIENZO	15	020	0040
150200200050	AVERSA	15	020	0050
150200200060	BAIA E LATINA	15	020	0060
150200200070	BELLONA	15	020	0070
150200200080	CAIANELLO	15	020	0080
150200200090	CAIAZZO	15	020	0090
150200200100	CALVI RISORTA	15	020	0100
150200200110	CAMIGLIANO	15	020	0110
150200200120	CANCELLO ED ARNONE	15	020	0120
150200200130	CAPODRISE	15	020	0130
150200200140	CAPRIATI A VOLTURNO	15	020	0140
150200200150	CAPUA	15	020	0150
150200200160	CARINARO	15	020	0160
150200200170	CARINOLA	15	020	0170
150200200180	CASAGIOVE	15	020	0180
150200200190	CASAL DI PRINCIPE	15	020	0190
150200200200	CASALUCE	15	020	0200
150200200201	CASAPESENNA	15	020	0201
150200200210	CASAPULLA	15	020	0210
150200200220	CASERTA	15	020	0220
150200200230	CASTEL CAMPAGNANO	15	020	0230
150200200240	CASTEL DI SASSO	15	020	0240
150200200250	CASTELLO DEL MATESE	15	020	0250
150200200260	CASTEL MORRONE	15	020	0260
150200200270	CASTEL VOLTURNO	15	020	0270
150200200271	CELLOLE	15	020	0271
150200200280	CERVINO	15	020	0280
150200200290	CESA	15	020	0290
150200200300	CIORLANO	15	020	0300
150200200310	CONCA DELLA CAMPANIA	15	020	0310
150200200320	CURTI	15	020	0320
150200200330	DRAGONI	15	020	0330
150200200331	FALCIANO DEL MASSICO	15	020	0331
150200200340	FONTEGRECA	15	020	0340
150200200350	FORMICOLA	15	020	0350
150200200360	FRANCOLISE	15	020	0360
150200200370	FRIGNANO	15	020	0370
150200200380	GALLO MATESE	15	020	0380
150200200390	GALLUCCIO	15	020	0390
150200200400	GIANO VETUSTO	15	020	0400
150200200410	GIOIA SANNITICA	15	020	0410
150200200420	GRAZZANISE	15	020	0420
150200200430	GRICIGNANO DI AVERSA	15	020	0430
150200200440	LETINO	15	020	0440
150200200450	LIBERI	15	020	0450
150200200460	LUSCIANO	15	020	0460
150200200470	MACERATA CAMPANIA	15	020	0470
150200200480	MADDALONI	15	020	0480
150200200490	MARCIANISE	15	020	0490
150200200500	MARZANO APPIO	15	020	0500
150200200510	MIGNANO MONTE LUNGO	15	020	0510
150200200520	MONDRAGONE	15	020	0520
150200200530	ORTA DI ATELLA	15	020	0530
150200200540	PARETE	15	020	0540
150200200550	PASTORANO	15	020	0550
150200200560	PIANA DI MONTE VERNA	15	020	0560
150200200570	PIEDIMONTE MATESE	15	020	0570
150200200580	PIETRAMELARA	15	020	0580
150200200590	PIETRAVAIRANO	15	020	0590
150200200600	PIGNATARO MAGGIORE	15	020	0600
150200200610	PONTELATONE	15	020	0610
150200200620	PORTICO DI CASERTA	15	020	0620
150200200630	PRATA SANNITA	15	020	0630
150200200640	PRATELLA	15	020	0640
150200200650	PRESENZANO	15	020	0650
150200200660	RAVISCANINA	15	020	0660
150200200670	RECALE	15	020	0670
150200200680	RIARDO	15	020	0680
150200200690	ROCCA D'EVANDRO	15	020	0690
150200200700	ROCCAMONFINA	15	020	0700
150200200710	ROCCAROMANA	15	020	0710
150200200720	ROCCHETTA E CROCE	15	020	0720
150200200730	RUVIANO	15	020	0730
150200200740	SAN CIPRIANO D'AVERSA	15	020	0740
150200200750	SAN FELICE A CANCELLO	15	020	0750
150200200760	SAN GREGORIO MATESE	15	020	0760
150200200770	SAN MARCELLINO	15	020	0770
150200200771	SAN MARCO EVANGELISTA	15	020	0771
150200200780	SAN NICOLA LA STRADA	15	020	0780
150200200790	SAN PIETRO INFINE	15	020	0790
150200200800	SAN POTITO SANNITICO	15	020	0800
150200200810	SAN PRISCO	15	020	0810
150200200820	SANTA MARIA A VICO	15	020	0820
150200200830	SANTA MARIA CAPUA VETERE	15	020	0830
150200200840	SANTA MARIA LA FOSSA	15	020	0840
150200200850	SAN TAMMARO	15	020	0850
150200200860	SANT'ANGELO D'ALIFE	15	020	0860
150200200870	SANT'ARPINO	15	020	0870
150200200880	SESSA AURUNCA	15	020	0880
150200200890	SPARANISE	15	020	0890
150200200900	SUCCIVO	15	020	0900
150200200910	TEANO	15	020	0910
150200200920	TEVEROLA	15	020	0920
150200200930	TORA E PICCILLI	15	020	0930
150200200940	TRENTOLA DUCENTA	15	020	0940
150200200950	VAIRANO PATENORA	15	020	0950
150200200960	VALLE AGRICOLA	15	020	0960
150200200970	VALLE DI MADDALONI	15	020	0970
150200200980	VILLA DI BRIANO	15	020	0980
150200200990	VILLA LITERNO	15	020	0990
150200201000	VITULAZIO	15	020	1000
150510510010	ACERRA	15	051	0010
150510510020	AFRAGOLA	15	051	0020
150510510030	AGEROLA	15	051	0030
150510510040	ANACAPRI	15	051	0040
150510510050	ARZANO	15	051	0050
150510510060	BACOLI	15	051	0060
150510510070	BARANO D'ISCHIA	15	051	0070
150510510080	BOSCOREALE	15	051	0080
150510510090	BOSCOTRECASE	15	051	0090
150510510100	BRUSCIANO	15	051	0100
150510510110	CAIVANO	15	051	0110
150510510120	CALVIZZANO	15	051	0120
150510510130	CAMPOSANO	15	051	0130
150510510140	CAPRI	15	051	0140
150510510150	CARBONARA DI NOLA	15	051	0150
150510510160	CARDITO	15	051	0160
150510510170	CASALNUOVO DI NAPOLI	15	051	0170
150510510180	CASAMARCIANO	15	051	0180
150510510190	CASAMICCIOLA TERME	15	051	0190
150510510200	CASANDRINO	15	051	0200
150510510210	CASAVATORE	15	051	0210
150510510220	CASOLA DI NAPOLI	15	051	0220
150510510230	CASORIA	15	051	0230
150510510240	CASTELLAMMARE DI STABIA	15	051	0240
150510510250	CASTELLO DI CISTERNA	15	051	0250
150510510260	CERCOLA	15	051	0260
150510510270	CICCIANO	15	051	0270
150510510280	CIMITILE	15	051	0280
150510510290	COMIZIANO	15	051	0290
150510510300	CRISPANO	15	051	0300
150510510301	ERCOLANO	15	051	0301
150510510310	FORIO	15	051	0310
150510510320	FRATTAMAGGIORE	15	051	0320
150510510330	FRATTAMINORE	15	051	0330
150510510340	GIUGLIANO IN CAMPANIA	15	051	0340
150510510350	GRAGNANO	15	051	0350
150510510360	GRUMO NEVANO	15	051	0360
150510510370	ISCHIA	15	051	0370
150510510380	LACCO AMENO	15	051	0380
150510510390	LETTERE	15	051	0390
150510510400	LIVERI	15	051	0400
150510510410	MARANO DI NAPOLI	15	051	0410
150510510420	MARIGLIANELLA	15	051	0420
150510510430	MARIGLIANO	15	051	0430
150510510431	MASSA DI SOMMA	15	051	0431
150510510440	MASSA LUBRENSE	15	051	0440
150510510450	MELITO DI NAPOLI	15	051	0450
150510510460	META	15	051	0460
150510510470	MONTE DI PROCIDA	15	051	0470
150510510480	MUGNANO DI NAPOLI	15	051	0480
150510510490	NAPOLI	15	051	0490
150510510500	NOLA	15	051	0500
150510510510	OTTAVIANO	15	051	0510
150510510520	PALMA CAMPANIA	15	051	0520
150510510530	PIANO DI SORRENTO	15	051	0530
150510510540	PIMONTE	15	051	0540
150510510550	POGGIOMARINO	15	051	0550
150510510560	POLLENA TROCCHIA	15	051	0560
150510510570	POMIGLIANO D'ARCO	15	051	0570
150510510580	POMPEI	15	051	0580
150510510590	PORTICI	15	051	0590
150510510600	POZZUOLI	15	051	0600
150510510610	PROCIDA	15	051	0610
150510510620	QUALIANO	15	051	0620
150510510630	QUARTO	15	051	0630
150510510650	ROCCARAINOLA	15	051	0650
150510510660	SAN GENNARO VESUVIANO	15	051	0660
150510510670	SAN GIORGIO A CREMANO	15	051	0670
150510510680	SAN GIUSEPPE VESUVIANO	15	051	0680
150510510690	SAN PAOLO BEL SITO	15	051	0690
150510510700	SAN SEBASTIANO AL VESUVIO	15	051	0700
150510510710	SANT'AGNELLO	15	051	0710
150510510711	SANTA MARIA LA CARITA'	15	051	0711
150510510720	SANT'ANASTASIA	15	051	0720
150510510730	SANT'ANTIMO	15	051	0730
150510510740	SANT'ANTONIO ABATE	15	051	0740
150510510750	SAN VITALIANO	15	051	0750
150510510760	SAVIANO	15	051	0760
150510510770	SCISCIANO	15	051	0770
150510510780	SERRARA FONTANA	15	051	0780
150510510790	SOMMA VESUVIANA	15	051	0790
150510510800	SORRENTO	15	051	0800
150510510810	STRIANO	15	051	0810
150510510820	TERZIGNO	15	051	0820
150510510830	TORRE ANNUNZIATA	15	051	0830
150510510840	TORRE DEL GRECO	15	051	0840
150510510841	TRECASE	15	051	0841
150510510850	TUFINO	15	051	0850
150510510860	VICO EQUENSE	15	051	0860
150510510870	VILLARICCA	15	051	0870
150510510880	VISCIANO	15	051	0880
150510510890	VOLLA	15	051	0890
150720720010	ACERNO	15	072	0010
150720720020	AGROPOLI	15	072	0020
150720720030	ALBANELLA	15	072	0030
150720720040	ALFANO	15	072	0040
150720720050	ALTAVILLA SILENTINA	15	072	0050
150720720060	AMALFI	15	072	0060
150720720070	ANGRI	15	072	0070
150720720080	AQUARA	15	072	0080
150720720090	ASCEA	15	072	0090
150720720100	ATENA LUCANA	15	072	0100
150720720110	ATRANI	15	072	0110
150720720120	AULETTA	15	072	0120
150720720130	BARONISSI	15	072	0130
150720720140	BATTIPAGLIA	15	072	0140
150720720141	BELLIZZI	15	072	0141
150720720150	BELLOSGUARDO	15	072	0150
150720720160	BRACIGLIANO	15	072	0160
150720720170	BUCCINO	15	072	0170
150720720180	BUONABITACOLO	15	072	0180
150720720190	CAGGIANO	15	072	0190
150720720200	CALVANICO	15	072	0200
150720720210	CAMEROTA	15	072	0210
150720720220	CAMPAGNA	15	072	0220
150720720230	CAMPORA	15	072	0230
150720720240	CANNALONGA	15	072	0240
150720720250	CAPACCIO PAESTUM	15	072	0250
150720720260	CASALBUONO	15	072	0260
150720720270	CASALETTO SPARTANO	15	072	0270
150720720280	CASAL VELINO	15	072	0280
150720720290	CASELLE IN PITTARI	15	072	0290
150720720300	CASTELCIVITA	15	072	0300
150720720310	CASTELLABATE	15	072	0310
150720720320	CASTELNUOVO CILENTO	15	072	0320
150720720330	CASTELNUOVO DI CONZA	15	072	0330
150720720340	CASTEL SAN GIORGIO	15	072	0340
150720720350	CASTEL SAN LORENZO	15	072	0350
150720720360	CASTIGLIONE DEL GENOVESI	15	072	0360
150720720370	CAVA DE' TIRRENI	15	072	0370
150720720380	CELLE DI BULGHERIA	15	072	0380
150720720390	CENTOLA	15	072	0390
150720720400	CERASO	15	072	0400
150720720410	CETARA	15	072	0410
150720720420	CICERALE	15	072	0420
150720720430	COLLIANO	15	072	0430
150720720440	CONCA DEI MARINI	15	072	0440
150720720450	CONTRONE	15	072	0450
150720720460	CONTURSI TERME	15	072	0460
150720720470	CORBARA	15	072	0470
150720720480	CORLETO MONFORTE	15	072	0480
150720720490	CUCCARO VETERE	15	072	0490
150720720500	EBOLI	15	072	0500
150720720510	FELITTO	15	072	0510
150720720520	FISCIANO	15	072	0520
150720720530	FURORE	15	072	0530
150720720540	FUTANI	15	072	0540
150720720550	GIFFONI SEI CASALI	15	072	0550
150720720560	GIFFONI VALLE PIANA	15	072	0560
150720720570	GIOI	15	072	0570
150720720580	GIUNGANO	15	072	0580
150720720590	ISPANI	15	072	0590
150720720600	LAUREANA CILENTO	15	072	0600
150720720610	LAURINO	15	072	0610
150720720620	LAURITO	15	072	0620
150720720630	LAVIANO	15	072	0630
150720720640	LUSTRA	15	072	0640
150720720650	MAGLIANO VETERE	15	072	0650
150720720660	MAIORI	15	072	0660
150720720670	MERCATO SAN SEVERINO	15	072	0670
150720720680	MINORI	15	072	0680
150720720690	MOIO DELLA CIVITELLA	15	072	0690
150720720700	MONTANO ANTILIA	15	072	0700
150720720710	MONTECORICE	15	072	0710
150720720720	MONTECORVINO PUGLIANO	15	072	0720
150720720730	MONTECORVINO ROVELLA	15	072	0730
150720720740	MONTEFORTE CILENTO	15	072	0740
150720720750	MONTE SAN GIACOMO	15	072	0750
150720720760	MONTESANO SULLA MARCELLANA	15	072	0760
150720720770	MORIGERATI	15	072	0770
150720720780	NOCERA INFERIORE	15	072	0780
150720720790	NOCERA SUPERIORE	15	072	0790
150720720800	NOVI VELIA	15	072	0800
150720720810	OGLIASTRO CILENTO	15	072	0810
150720720820	OLEVANO SUL TUSCIANO	15	072	0820
150720720830	OLIVETO CITRA	15	072	0830
150720720840	OMIGNANO	15	072	0840
150720720850	ORRIA	15	072	0850
150720720860	OTTATI	15	072	0860
150720720870	PADULA	15	072	0870
150720720880	PAGANI	15	072	0880
150720720890	PALOMONTE	15	072	0890
150720720900	PELLEZZANO	15	072	0900
150720720910	PERDIFUMO	15	072	0910
150720720920	PERITO	15	072	0920
150720720930	PERTOSA	15	072	0930
150720720940	PETINA	15	072	0940
150720720950	PIAGGINE	15	072	0950
150720720960	PISCIOTTA	15	072	0960
150720720970	POLLA	15	072	0970
150720720980	POLLICA	15	072	0980
150720720990	PONTECAGNANO FAIANO	15	072	0990
150720721000	POSITANO	15	072	1000
150720721010	POSTIGLIONE	15	072	1010
150720721020	PRAIANO	15	072	1020
150720721030	PRIGNANO CILENTO	15	072	1030
150720721040	RAVELLO	15	072	1040
150720721050	RICIGLIANO	15	072	1050
150720721060	ROCCADASPIDE	15	072	1060
150720721070	ROCCAGLORIOSA	15	072	1070
150720721080	ROCCAPIEMONTE	15	072	1080
150720721090	ROFRANO	15	072	1090
150720721100	ROMAGNANO AL MONTE	15	072	1100
150720721110	ROSCIGNO	15	072	1110
150720721120	RUTINO	15	072	1120
150720721130	SACCO	15	072	1130
150720721140	SALA CONSILINA	15	072	1140
150720721150	SALENTO	15	072	1150
150720721160	SALERNO	15	072	1160
150720721170	SALVITELLE	15	072	1170
150720721180	SAN CIPRIANO PICENTINO	15	072	1180
150720721190	SAN GIOVANNI A PIRO	15	072	1190
150720721200	SAN GREGORIO MAGNO	15	072	1200
150720721210	SAN MANGO PIEMONTE	15	072	1210
150720721220	SAN MARZANO SUL SARNO	15	072	1220
150720721230	SAN MAURO CILENTO	15	072	1230
150720721240	SAN MAURO LA BRUCA	15	072	1240
150720721250	SAN PIETRO AL TANAGRO	15	072	1250
150720721260	SAN RUFO	15	072	1260
150720721270	SANTA MARINA	15	072	1270
150720721280	SANT'ANGELO A FASANELLA	15	072	1280
150720721290	SANT'ARSENIO	15	072	1290
150720721300	SANT'EGIDIO DEL MONTE ALBINO	15	072	1300
150720721310	SANTOMENNA	15	072	1310
150720721320	SAN VALENTINO TORIO	15	072	1320
150720721330	SANZA	15	072	1330
150720721340	SAPRI	15	072	1340
150720721350	SARNO	15	072	1350
150720721360	SASSANO	15	072	1360
150720721370	SCAFATI	15	072	1370
150720721380	SCALA	15	072	1380
150720721390	SERRAMEZZANA	15	072	1390
150720721400	SERRE	15	072	1400
150720721410	SESSA CILENTO	15	072	1410
150720721420	SIANO	15	072	1420
150720721430	SICIGNANO DEGLI ALBURNI	15	072	1430
150720721440	STELLA CILENTO	15	072	1440
150720721450	STIO	15	072	1450
150720721460	TEGGIANO	15	072	1460
150720721470	TORCHIARA	15	072	1470
150720721480	TORRACA	15	072	1480
150720721490	TORRE ORSAIA	15	072	1490
150720721500	TORTORELLA	15	072	1500
150720721510	TRAMONTI	15	072	1510
150720721520	TRENTINARA	15	072	1520
150720721530	VALLE DELL'ANGELO	15	072	1530
150720721540	VALLO DELLA LUCANIA	15	072	1540
150720721550	VALVA	15	072	1550
150720721560	VIBONATI	15	072	1560
150720721570	VIETRI SUL MARE	15	072	1570
160090090010	ACQUAVIVA DELLE FONTI	16	009	0010
160090090020	ADELFIA	16	009	0020
160090090030	ALBEROBELLO	16	009	0030
160090090040	ALTAMURA	16	009	0040
160090090060	BARI	16	009	0060
160090090080	BINETTO	16	009	0080
160090090100	BITETTO	16	009	0100
160090090110	BITONTO	16	009	0110
160090090120	BITRITTO	16	009	0120
160090090140	CAPURSO	16	009	0140
160090090150	CASAMASSIMA	16	009	0150
160090090160	CASSANO DELLE MURGE	16	009	0160
160090090170	CASTELLANA GROTTE	16	009	0170
160090090180	CELLAMARE	16	009	0180
160090090190	CONVERSANO	16	009	0190
160090090200	CORATO	16	009	0200
160090090210	GIOIA DEL COLLE	16	009	0210
160090090220	GIOVINAZZO	16	009	0220
160090090230	GRAVINA IN PUGLIA	16	009	0230
160090090240	GRUMO APPULA	16	009	0240
160090090250	LOCOROTONDO	16	009	0250
160090090270	MODUGNO	16	009	0270
160090090280	MOLA DI BARI	16	009	0280
160090090290	MOLFETTA	16	009	0290
160090090300	MONOPOLI	16	009	0300
160090090310	NOCI	16	009	0310
160090090320	NOICATTARO	16	009	0320
160090090330	PALO DEL COLLE	16	009	0330
160090090331	POGGIORSINI	16	009	0331
160090090340	POLIGNANO A MARE	16	009	0340
160090090350	PUTIGNANO	16	009	0350
160090090360	RUTIGLIANO	16	009	0360
160090090370	RUVO DI PUGLIA	16	009	0370
160090090380	SAMMICHELE DI BARI	16	009	0380
160090090390	SANNICANDRO DI BARI	16	009	0390
160090090400	SANTERAMO IN COLLE	16	009	0400
160090090420	TERLIZZI	16	009	0420
160090090430	TORITTO	16	009	0430
160090090450	TRIGGIANO	16	009	0450
160090090460	TURI	16	009	0460
160090090470	VALENZANO	16	009	0470
160160160010	BRINDISI	16	016	0010
160160160020	CAROVIGNO	16	016	0020
160160160030	CEGLIE MESSAPICA	16	016	0030
160160160040	CELLINO SAN MARCO	16	016	0040
160160160050	CISTERNINO	16	016	0050
160160160060	ERCHIE	16	016	0060
160160160070	FASANO	16	016	0070
160160160080	FRANCAVILLA FONTANA	16	016	0080
160160160090	LATIANO	16	016	0090
160160160100	MESAGNE	16	016	0100
160160160110	ORIA	16	016	0110
160160160120	OSTUNI	16	016	0120
160160160130	SAN DONACI	16	016	0130
160160160140	SAN MICHELE SALENTINO	16	016	0140
160160160150	SAN PANCRAZIO SALENTINO	16	016	0150
160160160160	SAN PIETRO VERNOTICO	16	016	0160
160160160170	SAN VITO DEI NORMANNI	16	016	0170
160160160180	TORCHIAROLO	16	016	0180
160160160190	TORRE SANTA SUSANNA	16	016	0190
160160160200	VILLA CASTELLI	16	016	0200
160310310010	ACCADIA	16	031	0010
160310310020	ALBERONA	16	031	0020
160310310030	ANZANO DI PUGLIA	16	031	0030
160310310040	APRICENA	16	031	0040
160310310050	ASCOLI SATRIANO	16	031	0050
160310310060	BICCARI	16	031	0060
160310310070	BOVINO	16	031	0070
160310310080	CAGNANO VARANO	16	031	0080
160310310090	CANDELA	16	031	0090
160310310091	CARAPELLE	16	031	0091
160310310100	CARLANTINO	16	031	0100
160310310110	CARPINO	16	031	0110
160310310120	CASALNUOVO MONTEROTARO	16	031	0120
160310310130	CASALVECCHIO DI PUGLIA	16	031	0130
160310310140	CASTELLUCCIO DEI SAURI	16	031	0140
160310310150	CASTELLUCCIO VALMAGGIORE	16	031	0150
160310310160	CASTELNUOVO DELLA DAUNIA	16	031	0160
160310310170	CELENZA VALFORTORE	16	031	0170
160310310180	CELLE DI SAN VITO	16	031	0180
160310310190	CERIGNOLA	16	031	0190
160310310200	CHIEUTI	16	031	0200
160310310210	DELICETO	16	031	0210
160310310220	FAETO	16	031	0220
160310310230	FOGGIA	16	031	0230
160310310240	ISCHITELLA	16	031	0240
160310310250	ISOLE TREMITI	16	031	0250
160310310260	LESINA	16	031	0260
160310310270	LUCERA	16	031	0270
160310310280	MANFREDONIA	16	031	0280
160310310291	MATTINATA	16	031	0291
160310310300	MONTELEONE DI PUGLIA	16	031	0300
160310310310	MONTE SANT'ANGELO	16	031	0310
160310310320	MOTTA MONTECORVINO	16	031	0320
160310310321	ORDONA	16	031	0321
160310310330	ORSARA DI PUGLIA	16	031	0330
160310310340	ORTA NOVA	16	031	0340
160310310350	PANNI	16	031	0350
160310310360	PESCHICI	16	031	0360
160310310370	PIETRAMONTECORVINO	16	031	0370
160310310380	POGGIO IMPERIALE	16	031	0380
160310310390	RIGNANO GARGANICO	16	031	0390
160310310400	ROCCHETTA SANT'ANTONIO	16	031	0400
160310310410	RODI GARGANICO	16	031	0410
160310310420	ROSETO VALFORTORE	16	031	0420
160310310440	SAN GIOVANNI ROTONDO	16	031	0440
160310310450	SAN MARCO IN LAMIS	16	031	0450
160310310460	SAN MARCO LA CATOLA	16	031	0460
160310310470	SAN NICANDRO GARGANICO	16	031	0470
160310310480	SAN PAOLO DI CIVITATE	16	031	0480
160310310490	SAN SEVERO	16	031	0490
160310310500	SANT'AGATA DI PUGLIA	16	031	0500
160310310510	SERRACAPRIOLA	16	031	0510
160310310520	STORNARA	16	031	0520
160310310530	STORNARELLA	16	031	0530
160310310540	TORREMAGGIORE	16	031	0540
160310310560	TROIA	16	031	0560
160310310570	VICO DEL GARGANO	16	031	0570
160310310580	VIESTE	16	031	0580
160310310590	VOLTURARA APPULA	16	031	0590
160310310600	VOLTURINO	16	031	0600
160310310601	ZAPPONETA	16	031	0601
160410410020	ALESSANO	16	041	0020
160410410030	ALEZIO	16	041	0030
160410410040	ALLISTE	16	041	0040
160410410050	ANDRANO	16	041	0050
160410410060	ARADEO	16	041	0060
160410410070	ARNESANO	16	041	0070
160410410080	BAGNOLO DEL SALENTO	16	041	0080
160410410081	BOTRUGNO	16	041	0081
160410410090	CALIMERA	16	041	0090
160410410100	CAMPI SALENTINA	16	041	0100
160410410110	CANNOLE	16	041	0110
160410410120	CAPRARICA DI LECCE	16	041	0120
160410410130	CARMIANO	16	041	0130
160410410140	CARPIGNANO SALENTINO	16	041	0140
160410410150	CASARANO	16	041	0150
160410410160	CASTRI DI LECCE	16	041	0160
160410410170	CASTRIGNANO DE' GRECI	16	041	0170
160410410180	CASTRIGNANO DEL CAPO	16	041	0180
160410410181	CASTRO	16	041	0181
160410410190	CAVALLINO	16	041	0190
160410410200	COLLEPASSO	16	041	0200
160410410210	COPERTINO	16	041	0210
160410410220	CORIGLIANO D'OTRANTO	16	041	0220
160410410230	CORSANO	16	041	0230
160410410240	CURSI	16	041	0240
160410410250	CUTROFIANO	16	041	0250
160410410260	DISO	16	041	0260
160410410270	GAGLIANO DEL CAPO	16	041	0270
160410410280	GALATINA	16	041	0280
160410410290	GALATONE	16	041	0290
160410410300	GALLIPOLI	16	041	0300
160410410310	GIUGGIANELLO	16	041	0310
160410410320	GIURDIGNANO	16	041	0320
160410410330	GUAGNANO	16	041	0330
160410410340	LECCE	16	041	0340
160410410350	LEQUILE	16	041	0350
160410410360	LEVERANO	16	041	0360
160410410370	LIZZANELLO	16	041	0370
160410410380	MAGLIE	16	041	0380
160410410390	MARTANO	16	041	0390
160410410400	MARTIGNANO	16	041	0400
160410410410	MATINO	16	041	0410
160410410420	MELENDUGNO	16	041	0420
160410410430	MELISSANO	16	041	0430
160410410440	MELPIGNANO	16	041	0440
160410410450	MIGGIANO	16	041	0450
160410410460	MINERVINO DI LECCE	16	041	0460
160410410470	MONTERONI DI LECCE	16	041	0470
160410410480	MONTESANO SALENTINO	16	041	0480
160410410490	MORCIANO DI LEUCA	16	041	0490
160410410500	MURO LECCESE	16	041	0500
160410410510	NARDO'	16	041	0510
160410410520	NEVIANO	16	041	0520
160410410530	NOCIGLIA	16	041	0530
160410410540	NOVOLI	16	041	0540
160410410550	ORTELLE	16	041	0550
160410410560	OTRANTO	16	041	0560
160410410570	PALMARIGGI	16	041	0570
160410410580	PARABITA	16	041	0580
160410410590	PATU'	16	041	0590
160410410600	POGGIARDO	16	041	0600
160410410601	PORTO CESAREO	16	041	0601
160410410611	PRESICCE-ACQUARICA	16	041	0611
160410410620	RACALE	16	041	0620
160410410630	RUFFANO	16	041	0630
160410410640	SALICE SALENTINO	16	041	0640
160410410650	SALVE	16	041	0650
160410410660	SANARICA	16	041	0660
160410410661	SAN CASSIANO	16	041	0661
160410410670	SAN CESARIO DI LECCE	16	041	0670
160410410680	SAN DONATO DI LECCE	16	041	0680
160410410690	SANNICOLA	16	041	0690
160410410700	SAN PIETRO IN LAMA	16	041	0700
160410410710	SANTA CESAREA TERME	16	041	0710
160410410720	SCORRANO	16	041	0720
160410410730	SECLI'	16	041	0730
160410410740	SOGLIANO CAVOUR	16	041	0740
160410410750	SOLETO	16	041	0750
160410410760	SPECCHIA	16	041	0760
160410410770	SPONGANO	16	041	0770
160410410780	SQUINZANO	16	041	0780
160410410790	STERNATIA	16	041	0790
160410410800	SUPERSANO	16	041	0800
160410410810	SURANO	16	041	0810
160410410820	SURBO	16	041	0820
160410410830	TAURISANO	16	041	0830
160410410840	TAVIANO	16	041	0840
160410410850	TIGGIANO	16	041	0850
160410410860	TREPUZZI	16	041	0860
160410410870	TRICASE	16	041	0870
160410410880	TUGLIE	16	041	0880
160410410890	UGENTO	16	041	0890
160410410900	UGGIANO LA CHIESA	16	041	0900
160410410910	VEGLIE	16	041	0910
160410410920	VERNOLE	16	041	0920
160410410930	ZOLLINO	16	041	0930
160780780010	AVETRANA	16	078	0010
160780780020	CAROSINO	16	078	0020
160780780030	CASTELLANETA	16	078	0030
160780780040	CRISPIANO	16	078	0040
160780780050	FAGGIANO	16	078	0050
160780780060	FRAGAGNANO	16	078	0060
160780780070	GINOSA	16	078	0070
160780780080	GROTTAGLIE	16	078	0080
160780780090	LATERZA	16	078	0090
160780780100	LEPORANO	16	078	0100
160780780110	LIZZANO	16	078	0110
160780780120	MANDURIA	16	078	0120
160780780130	MARTINA FRANCA	16	078	0130
160780780140	MARUGGIO	16	078	0140
160780780150	MASSAFRA	16	078	0150
160780780160	MONTEIASI	16	078	0160
160780780170	MONTEMESOLA	16	078	0170
160780780180	MONTEPARANO	16	078	0180
160780780190	MOTTOLA	16	078	0190
160780780200	PALAGIANELLO	16	078	0200
160780780210	PALAGIANO	16	078	0210
160780780220	PULSANO	16	078	0220
160780780230	ROCCAFORZATA	16	078	0230
160780780240	SAN GIORGIO IONICO	16	078	0240
160780780250	SAN MARZANO DI SAN GIUSEPPE	16	078	0250
160780780260	SAVA	16	078	0260
160780780261	STATTE	16	078	0261
160780780270	TARANTO	16	078	0270
160780780280	TORRICELLA	16	078	0280
161061060010	ANDRIA	16	106	0010
161061060020	BARLETTA	16	106	0020
161061060030	BISCEGLIE	16	106	0030
161061060040	CANOSA DI PUGLIA	16	106	0040
161061060050	MARGHERITA DI SAVOIA	16	106	0050
161061060060	MINERVINO MURGE	16	106	0060
161061060070	SAN FERDINANDO DI PUGLIA	16	106	0070
161061060080	SPINAZZOLA	16	106	0080
161061060090	TRANI	16	106	0090
161061060100	TRINITAPOLI	16	106	0100
